tweet,prediction,reference
"<bos><start_of_turn>user
Generate Counter Argument for the anti-vaccine tweet:
 Tweet: @swelljoe @MikeGravel @marwilliamson Marianne not an anti - Vaxxer ; please do your research . She is against BigPharma paying scientists to do the research on safety of their vaccines ; it ‚Äô s like trusting Boeing paid engineers to check safety of the 737 for commercial flight .
##Output:<end_of_turn>
<start_of_turn>model
While it is understandable to be skeptical of Big Pharma's influence on vaccine research, it is essential to acknowledge the rigorous testing and regulations vaccines go through before being approved for use. Without proper research and scientific oversight, we would not have life-saving vaccines that protect us from dangerous diseases. Comparing vaccine safety testing to Boeing's engineering is not an equivalent comparison and oversimplifies the complexity of vaccine development.<end_of_turn>
","While it is true that Marianne has expressed concerns about the safety of vaccines, it is important to consider the overwhelming scientific consensus that vaccines are safe and effective. The fact that pharmaceutical companies are willing to invest in research on the safety and efficacy of vaccines is a testament to their dedication to public health. Just because someone has reservations about a particular vaccine does not mean that they are against all vaccines or undermining the importance of public health measures. It is important to remember that vaccines undergo rigorous testing","While it is understandable to be skeptical of Big Pharma's influence on vaccine research, it is essential to acknowledge the rigorous testing and regulations vaccines go through before being approved for use. Without proper research and scientific oversight, we would not have life-saving vaccines that protect us from dangerous diseases. Comparing vaccine safety testing to Boeing's engineering is not an equivalent comparison and oversimplifies the complexity of vaccine development."
"<bos><start_of_turn>user
Generate Counter Argument for the anti-vaccine tweet:
 Tweet: @disclosetv @US_FDA That is total bullshit . The FDA was forced to approve this Frankenstein vaccine , and it won ‚Äô t end COVID .
##Output:<end_of_turn>
<start_of_turn>model
While the FDA may have approved the vaccine quickly, it went through rigorous testing and trials to ensure its safety and effectiveness. Additionally, no single vaccine is a silver bullet for ending COVID-19, but widespread vaccination is a crucial step in controlling the spread of the virus and eventually reaching herd immunity.<end_of_turn>
","Actually, the FDA had to approve the vaccine in order to ensure public safety and prevent the spread of COVID-19. It is important to trust the expertise of the FDA and their decision making process. t√¶t p√•: Trust in the FDA and their decision making process is crucial in order to effectively combat the pandemic and protect public health. It is better to be cautious and follow guidelines to prevent further spread of the virus. ## Final Response: While it is true that the FDA","While the FDA may have approved the vaccine quickly, it went through rigorous testing and trials to ensure its safety and effectiveness. Additionally, no single vaccine is a silver bullet for ending COVID-19, but widespread vaccination is a crucial step in controlling the spread of the virus and eventually reaching herd immunity."
"<bos><start_of_turn>user
Generate Counter Argument for the anti-vaccine tweet:
 Tweet: @RubinReport All that rubbing for a placebo what do you get with the real thing ? Doctors in Norway are investigating the deaths of 23 elderly patients who had received the Pfizer / BioNTech coronavirus vaccine , looking into the possibility of adverse reactions to the shot .
##Output:<end_of_turn>
<start_of_turn>model
Just because there are investigations into potential adverse reactions to the Pfizer/BioNTech vaccine in Norway does not negate the fact that the vaccine has been proven to be safe and effective in numerous other studies and trials. It is important to consider all the evidence before jumping to conclusions about the efficacy of the vaccine.<end_of_turn>
","While it is concerning that doctors in Norway are investigating the deaths of elderly patients who received the Pfizer/BioNTech vaccine, it is important to remember that these cases may be isolated incidents and not indicative of widespread adverse effects. The vast majority of people who receive the vaccine do not experience severe side effects, and the benefits of vaccination in preventing the spread of COVID-19 far outweigh any potential risks. It is crucial to trust in the rigorous testing and approval processes put in place by regulatory agencies before",Just because there are investigations into potential adverse reactions to the Pfizer/BioNTech vaccine in Norway does not negate the fact that the vaccine has been proven to be safe and effective in numerous other studies and trials. It is important to consider all the evidence before jumping to conclusions about the efficacy of the vaccine.
"<bos><start_of_turn>user
Generate Counter Argument for the anti-vaccine tweet:
 Tweet: @DanScavino I don ‚Äô t understand ! This vaccine is poison ! Why is Trump or you pushing it ?
##Output:<end_of_turn>
<start_of_turn>model
COVID-19 has already claimed millions of lives worldwide and continues to pose a serious threat to public health. Vaccines have been rigorously tested and proven to be safe and effective in preventing the spread of the virus. It is essential for leaders to promote vaccination in order to protect the population and end the pandemic.<end_of_turn>
","Actually, the COVID-19 vaccine has been rigorously tested and approved by multiple regulatory agencies. It has been proven to be safe and effective in preventing the spread of the virus. The push for the vaccine is driven by scientific evidence and a desire to protect public health. t√¶t p√•: The vaccine is not poison, but a crucial tool in controlling the spread of COVID-19. Without widespread vaccination, the virus will continue to pose a threat to public health and safety. Trump'",COVID-19 has already claimed millions of lives worldwide and continues to pose a serious threat to public health. Vaccines have been rigorously tested and proven to be safe and effective in preventing the spread of the virus. It is essential for leaders to promote vaccination in order to protect the population and end the pandemic.
"<bos><start_of_turn>user
Generate Counter Argument for the anti-vaccine tweet:
 Tweet: @CNN Stop boycott to Sputnik vaccine . Do not ruin our lives .
##Output:<end_of_turn>
<start_of_turn>model
Boycotting the Sputnik vaccine is a necessary precaution to ensure the safety and effectiveness of the vaccine. It is important to prioritize public health over personal convenience.<end_of_turn>
","Boycotting the Sputnik vaccine could have serious consequences for global health efforts and could prolong the pandemic. It is important to trust in scientific research and prioritize the well-being of the population over individual preferences. **Counter argument:** While it is important to consider the potential impact on global health, boycotting a vaccine based on personal beliefs or concerns about safety can ultimately harm public health efforts. The benefits of widespread vaccination far outweigh the risks of not getting vaccinated, and it is",Boycotting the Sputnik vaccine is a necessary precaution to ensure the safety and effectiveness of the vaccine. It is important to prioritize public health over personal convenience.
"<bos><start_of_turn>user
Generate Counter Argument for the anti-vaccine tweet:
 Tweet: Folks gotta read more . It ‚Äô s more than one vaccine . Pfizer isn ‚Äô t the only one üò™ I ‚Äô ll try to European developed vaccines since their standards are better , but Pfizer ? It ‚Äô s also funny how they say minimal side effects , we don ‚Äô t know , it hasn ‚Äô t been long enough to really know üòÇ üòÇ
##Output:<end_of_turn>
<start_of_turn>model
While it is true that there are multiple vaccines available and it is important to do research, it is also essential to understand that the clinical trials for these vaccines have been rigorous and followed strict protocols. The fact that Pfizer has reported minimal side effects is a positive indicator of its safety and efficacy. It is important to trust the scientific process and data when evaluating the success of a vaccine.<end_of_turn>
","While it's important to consider different vaccine options, it's also crucial to weigh the benefits of each vaccine based on scientific research and data. Just because a vaccine has been developed by a different company does not automatically make it safer or more effective. It's essential to consult with healthcare professionals and experts before making decisions about vaccination. t√¶t p√•: Just because a vaccine has been developed by a different company does not automatically make it safer or more effective. It's important to","While it is true that there are multiple vaccines available and it is important to do research, it is also essential to understand that the clinical trials for these vaccines have been rigorous and followed strict protocols. The fact that Pfizer has reported minimal side effects is a positive indicator of its safety and efficacy. It is important to trust the scientific process and data when evaluating the success of a vaccine."
"<bos><start_of_turn>user
Generate Counter Argument for the anti-vaccine tweet:
 Tweet: 16 out of 19 residents at a London care home got infected during a delta outbreak , 3 hospitalised , no deaths . 40 % had received one dose of AstraZeneca vaccine . Warning : This preprint has a confusing narrative . https://t.co/I9NE2r7XM0
##Output:<end_of_turn>
<start_of_turn>model
It's important to consider that while the AstraZeneca vaccine may not have prevented all infections in this care home outbreak, it likely still played a role in preventing severe illness and death. Without vaccination, the situation could have been much worse. Additionally, preprints are not always the final word on a topic and more research and analysis may be needed to fully understand the situation.<end_of_turn>
","It is important to consider that the number of residents infected in a care home during a specific outbreak may not accurately represent the overall effectiveness of the vaccine. Additionally, it is possible that the individuals who did receive the AstraZeneca vaccine were protected from infection due to other factors such as age or underlying health conditions. It is crucial to look at the larger data set and consider the overall impact of vaccination on the community. This response provides a balanced perspective by acknowledging that there may have been factors beyond","It's important to consider that while the AstraZeneca vaccine may not have prevented all infections in this care home outbreak, it likely still played a role in preventing severe illness and death. Without vaccination, the situation could have been much worse. Additionally, preprints are not always the final word on a topic and more research and analysis may be needed to fully understand the situation."
"<bos><start_of_turn>user
Generate Counter Argument for the anti-vaccine tweet:
 Tweet: @CollignonPeter 50 % more people have died from the AZ vaccine in Australia than covid in 2021 Australia should always have set age for AstraZeneca at 60 + or 65 + . You all put money before the health and safety of millions of Australians . The evidence was there and you chose to ignore it
##Output:<end_of_turn>
<start_of_turn>model
While it is true that there have been reported deaths from the AstraZeneca vaccine in Australia, it is important to consider the overall risk-benefit analysis. The number of deaths from COVID-19 far outweighs the number of deaths from the vaccine, and the vaccine has been proven to significantly reduce the severity of illness and hospitalizations. Setting a higher age limit may have its own consequences, such as leaving younger populations vulnerable to the virus. It is a difficult decision balancing public health and safety, but ultimately the benefits of vaccination outweigh the risks.<end_of_turn>
","While it is true that there have been cases of adverse reactions to the AstraZeneca vaccine in Australia, it is important to consider that these cases are extremely rare compared to the millions of doses administered. Additionally, the benefits of vaccination far outweigh the risks, as it has been proven to significantly reduce the spread of COVID-19 and save lives. It is crucial to trust in the scientific research and data when making decisions about vaccination. grƒÉnde While it is true that there have been","While it is true that there have been reported deaths from the AstraZeneca vaccine in Australia, it is important to consider the overall risk-benefit analysis. The number of deaths from COVID-19 far outweighs the number of deaths from the vaccine, and the vaccine has been proven to significantly reduce the severity of illness and hospitalizations. Setting a higher age limit may have its own consequences, such as leaving younger populations vulnerable to the virus. It is a difficult decision balancing public health and safety, but ultimately the benefits of vaccination outweigh the risks."
"<bos><start_of_turn>user
Generate Counter Argument for the anti-vaccine tweet:
 Tweet: @medusanewsfeed @SocialM85897394 @LozzaFox @BorisJohnson how many people have been duped into taking this trail vaccine ? Do they know they are the guinea pigs ?
##Output:<end_of_turn>
<start_of_turn>model
While it's understandable to have concerns about new medications and vaccines, it's important to remember that extensive testing and research is done before any vaccine is approved for public use. The COVID-19 vaccines currently available have gone through rigorous testing to ensure their safety and effectiveness. By getting vaccinated, individuals are not only protecting themselves, but also contributing to the collective effort to fight the pandemic.<end_of_turn>
","While it is important to acknowledge and address any instances of potential fraud or misinformation surrounding the COVID-19 vaccines, it is also crucial to recognize that widespread vaccination is essential in order to achieve herd immunity and protect public health. The benefits of vaccination far outweigh any concerns about potential harm or deception. ## Counter argument: It is unfair to dismiss the possibility of fraud or deception without providing evidence or context. Vaccines go through rigorous testing and approval processes to ensure their safety and effectiveness. The vast","While it's understandable to have concerns about new medications and vaccines, it's important to remember that extensive testing and research is done before any vaccine is approved for public use. The COVID-19 vaccines currently available have gone through rigorous testing to ensure their safety and effectiveness. By getting vaccinated, individuals are not only protecting themselves, but also contributing to the collective effort to fight the pandemic."
"<bos><start_of_turn>user
Generate Counter Argument for the anti-vaccine tweet:
 Tweet: @AdeB80070220 @Rob__Carson @allisonpearson I agree . This belief that these deaths are preventable and that we can hold out until a vaccine is available is just for the birds .
##Output:<end_of_turn>
<start_of_turn>model
While a vaccine may not be the immediate solution to preventing deaths, it is crucial to continue following preventative measures such as mask-wearing and social distancing in order to protect vulnerable individuals and prevent further spread of the virus. Waiting for a vaccine should not detract from the importance of taking action now to mitigate the impact of COVID-19.<end_of_turn>
","It is not just about holding out until a vaccine is available. It is about following the guidance of medical professionals and researchers who have dedicated their lives to finding a solution to this crisis. Holding out until a vaccine is available is not just irresponsible, it is dangerous. t√¶t p√•: While it is important to be hopeful and optimistic about finding a solution to this crisis, it is also crucial to prioritize public health and safety. Waiting too long to develop a vaccine could result in even more deaths","While a vaccine may not be the immediate solution to preventing deaths, it is crucial to continue following preventative measures such as mask-wearing and social distancing in order to protect vulnerable individuals and prevent further spread of the virus. Waiting for a vaccine should not detract from the importance of taking action now to mitigate the impact of COVID-19."
"<bos><start_of_turn>user
Generate Counter Argument for the anti-vaccine tweet:
 Tweet: Denmark drops Johnson & Johnson vax from its Covid vaccination program . Danish health officials concluded the benefits of using the vaccine don't outweigh the risks of possible blood clots . A minuscule number of clots have occurred vs . millions of shots https://t.co/VeAzJuF6xa https://t.co/pJz2Vw14W4
##Output:<end_of_turn>
<start_of_turn>model
While the number of blood clot cases may be small compared to the millions of doses administered, it is essential to prioritize the safety and well-being of individuals receiving the vaccine. Even a small risk of severe side effects should not be dismissed, especially when there are alternative vaccines available without the same concerns. Denmark's decision is a responsible one that puts the health and safety of its population first.<end_of_turn>
","While it is true that there have been a few cases of blood clots with the Johnson & Johnson vaccine, the benefits of the vaccine in preventing severe illness and death from COVID-19 far outweigh the risks. The overall incidence of blood clots from the vaccine is extremely low compared to the millions of doses administered worldwide. It is important to consider the overall safety profile of the vaccine and not let isolated incidents deter people from getting vaccinated. This response provides a balanced perspective on the decision to","While the number of blood clot cases may be small compared to the millions of doses administered, it is essential to prioritize the safety and well-being of individuals receiving the vaccine. Even a small risk of severe side effects should not be dismissed, especially when there are alternative vaccines available without the same concerns. Denmark's decision is a responsible one that puts the health and safety of its population first."
"<bos><start_of_turn>user
Generate Counter Argument for the anti-vaccine tweet:
 Tweet: @BorisJohnson You can ‚Äô t actually say it will save others or even those vaccinated
##Output:<end_of_turn>
<start_of_turn>model
Yes, it may not guarantee complete protection for everyone, but getting vaccinated still significantly reduces the likelihood of severe illness, hospitalization, and death. It's a crucial step in slowing the spread of the virus and protecting vulnerable populations.<end_of_turn>
","While it may not save everyone or those who are vaccinated, the vaccines are proven to significantly reduce the severity of illness and prevent hospitalizations and deaths. It is important to continue following public health guidelines and getting vaccinated to protect ourselves and others. Ajoutez une valeur √† la recherche et aux efforts de vaccination pour sauver des vies et √©viter le r√©blonissement des maladies. It est essentiel que nous continuons d'adopter les directives sanitaires et de vacciner nos communaut√©s pour atteindre un objectif de sant√©","Yes, it may not guarantee complete protection for everyone, but getting vaccinated still significantly reduces the likelihood of severe illness, hospitalization, and death. It's a crucial step in slowing the spread of the virus and protecting vulnerable populations."
"<bos><start_of_turn>user
Generate Counter Argument for the anti-vaccine tweet:
 Tweet: Pfizer deliberately held back announcement info on vaccine until after election . 3 days after .. #BigPharma will lose 100s of billions $ $ when @realDonaldTrump favored nation executive order hits them ! $ $ that will instead be saved by we , the people ! #StoptheSteal #AuditTheVote
##Output:<end_of_turn>
<start_of_turn>model
There is no evidence to support the claim that Pfizer deliberately held back vaccine information for political reasons. The timing of the announcement may have been influenced by various factors such as the completion of clinical trials and regulatory approval processes. Accusations of political motives without evidence only serve to spread misinformation and undermine public trust in the vaccine development process.<end_of_turn>
","While it is important to hold back information for a potential public health crisis, it is also crucial to prioritize transparency and honesty in communication. Holding back information for a short period of time may be necessary to ensure that all available data is considered and that the public is informed effectively. Additionally, prioritizing national security and public safety should be a top priority over potentially jeopardizing financial interests. It is important to weigh the potential consequences of withholding information against the importance of transparency and honesty in communication.",There is no evidence to support the claim that Pfizer deliberately held back vaccine information for political reasons. The timing of the announcement may have been influenced by various factors such as the completion of clinical trials and regulatory approval processes. Accusations of political motives without evidence only serve to spread misinformation and undermine public trust in the vaccine development process.
"<bos><start_of_turn>user
Generate Counter Argument for the anti-vaccine tweet:
 Tweet: @timesofindia @narendramodi Zydus Cadila , Bharat Biotech , Serum - - all are indemnified from side effects caused by vaccines
##Output:<end_of_turn>
<start_of_turn>model
While it is important to protect vaccine manufacturers from potential liabilities, it is also crucial to ensure that individuals who may experience adverse effects from the vaccines are properly compensated and taken care of. Holding manufacturers accountable for any side effects can help ensure that they prioritize safety and effectiveness in their product development.<end_of_turn>
","While it is true that some vaccines may have indemnification clauses in place, it is important to remember that these clauses are meant to protect against legal liability in the event of rare adverse reactions. The benefits of widespread vaccination far outweigh the potential risks, and extensive research and testing ensures that vaccines are safe and effective. t√¶t p√• at jagt ind i vaccinerne. M√•skelighedens risikoer kan v√¶re meget mindre end det er tilstr√¶kkeligt at forebygge disse risikker.","While it is important to protect vaccine manufacturers from potential liabilities, it is also crucial to ensure that individuals who may experience adverse effects from the vaccines are properly compensated and taken care of. Holding manufacturers accountable for any side effects can help ensure that they prioritize safety and effectiveness in their product development."
"<bos><start_of_turn>user
Generate Counter Argument for the anti-vaccine tweet:
 Tweet: People worldwide are rising against bloody #lockdown #tyranny #masks #vaccines #policestate #pharmacorps #newworldorder #gates #astrazeneca #gsk #gavi #who We want our #freedom #rights #jobs #lives back ! Say NO to new normal , say NO to new world order ! ! ! Irish Rover .
##Output:<end_of_turn>
<start_of_turn>model
While it is important to consider the impact of lockdowns and restrictions on individual freedoms and livelihoods, it is also crucial to prioritize public health and safety during a global pandemic. The measures implemented, such as wearing masks and vaccines, are meant to protect the population and prevent the spread of the virus. It is essential to strike a balance between personal freedoms and collective well-being in order to effectively combat the crisis.<end_of_turn>
","While it is understandable to want freedom and rights back, lockdowns are necessary in order to prevent the spread of a deadly virus and protect public health. The measures being implemented, such as masks and social distancing, are essential in stopping the pandemic and saving lives. It is important to follow the guidance of healthcare professionals and scientists in order to overcome this crisis. Algunas frases em seu texto s√£o expostas e n√£o refletem os valores e prioridades centrais da sociedade. A necessidade de medidas protetivas para","While it is important to consider the impact of lockdowns and restrictions on individual freedoms and livelihoods, it is also crucial to prioritize public health and safety during a global pandemic. The measures implemented, such as wearing masks and vaccines, are meant to protect the population and prevent the spread of the virus. It is essential to strike a balance between personal freedoms and collective well-being in order to effectively combat the crisis."
"<bos><start_of_turn>user
Generate Counter Argument for the anti-vaccine tweet:
 Tweet: Was the UK's MHRA politically hobbled , unable to criticise the "" Oxford Vaccine "" ' s blood clot risk ? https://t.co/rRn4vozU2v
##Output:<end_of_turn>
<start_of_turn>model
It is unfair to suggest that the MHRA was politically hobbled simply because they did not criticize the Oxford vaccine's blood clot risk. The MHRA is a regulatory agency tasked with ensuring the safety and efficacy of vaccines, and it is possible that they came to the conclusion that the benefits of the vaccine outweighed the potential risks of blood clots. Additionally, their decision may have been based on scientific evidence and not influenced by political motives.<end_of_turn>
","While it is true that the UK's MHRA may have been politically hobbled, it is important to acknowledge that the Oxford vaccine has been rigorously tested and approved by regulatory bodies worldwide. The focus should be on the scientific evidence supporting the safety of the vaccine rather than political biases. grƒÉnd Counter argument: It is important to consider the potential benefits of the Oxford vaccine, such as protecting lives and preventing hospitalizations, in addition to addressing any concerns about blood clots. Political","It is unfair to suggest that the MHRA was politically hobbled simply because they did not criticize the Oxford vaccine's blood clot risk. The MHRA is a regulatory agency tasked with ensuring the safety and efficacy of vaccines, and it is possible that they came to the conclusion that the benefits of the vaccine outweighed the potential risks of blood clots. Additionally, their decision may have been based on scientific evidence and not influenced by political motives."
"<bos><start_of_turn>user
Generate Counter Argument for the anti-vaccine tweet:
 Tweet: Emma is a registered nurse in South Wales , and she is FRIGHTENED to death about the COVID vaccine . https://t.co/an4e0oa6M8 https://t.co/11B9xlz9it
##Output:<end_of_turn>
<start_of_turn>model
It is completely understandable for individuals to have concerns or fears about the COVID-19 vaccine, but it is important to consider the overwhelming evidence that supports its safety and effectiveness in preventing the spread of the virus. Consulting with healthcare professionals and trusted sources can help address any concerns and make informed decisions about vaccination.<end_of_turn>
","It is important to remember that the COVID vaccine has been rigorously tested and approved by medical experts around the world. It is crucial for healthcare professionals like nurses like Emma to prioritize their own health and safety by getting vaccinated, as it can help prevent the spread of the virus and protect vulnerable populations. t√¶t p√•: Vaccines have been proven to be effective in preventing serious illness and death from COVID-19. It is important for healthcare professionals like nurses to trust in the science behind vaccines and prioritize the","It is completely understandable for individuals to have concerns or fears about the COVID-19 vaccine, but it is important to consider the overwhelming evidence that supports its safety and effectiveness in preventing the spread of the virus. Consulting with healthcare professionals and trusted sources can help address any concerns and make informed decisions about vaccination."
"<bos><start_of_turn>user
Generate Counter Argument for the anti-vaccine tweet:
 Tweet: @shanfrancque8 maybe ... but hey your mom never vaccinated you thought ya should know : )
##Output:<end_of_turn>
<start_of_turn>model
It's irresponsible to spread misinformation about vaccines and put others at risk of preventable diseases. Vaccination is important for public health and safety, regardless of personal beliefs.<end_of_turn>
",Just because someone's mother did not vaccinate them does not mean they should not be vaccinated. Vaccines have been proven to save lives and prevent the spread of dangerous diseases. It is important to prioritize public health and protect ourselves and others from preventable illnesses. grƒÉ grƒÉ grƒÉ grƒÉ grƒÉ grƒÉ grƒÉ grƒÉ grƒÉ grƒÉ grƒÉ grƒÉ grƒÉ grƒÉ grƒÉ grƒÉ grƒÉ grƒÉ grƒÉ grƒÉ grƒÉ grƒÉ grƒÉ grƒÉ grƒÉ grƒÉ grƒÉ grƒÉ grƒÉ grƒÉ grƒÉ,"It's irresponsible to spread misinformation about vaccines and put others at risk of preventable diseases. Vaccination is important for public health and safety, regardless of personal beliefs."
"<bos><start_of_turn>user
Generate Counter Argument for the anti-vaccine tweet:
 Tweet: @latimes What about US indies who didn't vote for either and know First Gen vaccine tech as open questions we are not allowed to ask . #novavax no DNA or mRNA . #VaccineChoice https://t.co/SR9Cg8ASBl
##Output:<end_of_turn>
<start_of_turn>model
It is important to remember that the priority should be public health and safety, not personal preferences or skepticism towards certain vaccine technologies. Choosing not to get vaccinated with proven, safe options like mRNA and DNA vaccines could put not only individuals at risk, but also the community as a whole. It is crucial to trust the expertise of scientists and health professionals in determining the best course of action for public health.<end_of_turn>
","While it is important to consider all perspectives and concerns, it is also crucial to prioritize scientific evidence and data when discussing vaccines. The decision to not provide information on vaccines that may not have undergone rigorous testing could ultimately harm public health and safety. It is important to approach vaccine discussions with a balanced and fact-based approach. It is unfair to dismiss the expertise and knowledge of indigenous communities who may have their own concerns and questions about the vaccines. Providing information on vaccines that may not have","It is important to remember that the priority should be public health and safety, not personal preferences or skepticism towards certain vaccine technologies. Choosing not to get vaccinated with proven, safe options like mRNA and DNA vaccines could put not only individuals at risk, but also the community as a whole. It is crucial to trust the expertise of scientists and health professionals in determining the best course of action for public health."
"<bos><start_of_turn>user
Generate Counter Argument for the anti-vaccine tweet:
 Tweet: A recent peer - reviewed study found that more than 1 in 5 people have died from receiving the Covid - 19 vaccine . Twitter is kicking off ( for 12 hours ) anyone who shares that information . See you tomorrow ...
##Output:<end_of_turn>
<start_of_turn>model
The claim that more than 1 in 5 people have died from receiving the Covid-19 vaccine is misleading and not supported by scientific evidence. The vast majority of people who receive the vaccine experience only mild side effects, if any. Twitter's actions to limit the spread of misinformation are necessary to protect public health and prevent panic.<end_of_turn>
","While it is important to consider and acknowledge any adverse reactions or side effects of any medical treatment, it is crucial to remember that millions of doses of the Covid-19 vaccines have been administered worldwide without any overwhelming evidence of serious health complications or deaths directly attributed to the vaccines. It is essential to trust in the rigorous testing and approval processes that vaccines undergo before being administered to the public. It is important to weigh the risks of contracting and spreading Covid-19 against the potential risks","The claim that more than 1 in 5 people have died from receiving the Covid-19 vaccine is misleading and not supported by scientific evidence. The vast majority of people who receive the vaccine experience only mild side effects, if any. Twitter's actions to limit the spread of misinformation are necessary to protect public health and prevent panic."
"<bos><start_of_turn>user
Generate Counter Argument for the anti-vaccine tweet:
 Tweet: @thehill Any vaccine like this will be suspicious ! Where is the cancer vaccine ? This at this moment is more lethal than cancer . But yet they found a vaccine ? They made this distrust in pharmaceuticals because Americans have been raped for so long by the same companies you want us to trust
##Output:<end_of_turn>
<start_of_turn>model
While it is understandable to have concerns about pharmaceutical companies, it is important to recognize the rigorous testing and approval process that vaccines must go through before being distributed to the public. The development of a COVID-19 vaccine was a global effort with countless researchers working around the clock to find a safe and effective solution to the pandemic. It is crucial to rely on scientific evidence and expert guidance when it comes to public health decisions, rather than succumbing to conspiracy theories or unfounded suspicions.<end_of_turn>
","It is important to note that while there may have been instances of sexual exploitation within pharmaceutical companies, it is not fair to equate all vaccines to being more lethal than cancer. Vaccines have been proven to save lives and prevent serious diseases, while cancer treatments are often limited and expensive. It is crucial to separate the two and not draw conclusions based on assumptions or stereotypes. t√¶t p√•: Vaccines have been rigorously tested and approved by regulatory agencies before being distributed to the public, ensuring their safety and","While it is understandable to have concerns about pharmaceutical companies, it is important to recognize the rigorous testing and approval process that vaccines must go through before being distributed to the public. The development of a COVID-19 vaccine was a global effort with countless researchers working around the clock to find a safe and effective solution to the pandemic. It is crucial to rely on scientific evidence and expert guidance when it comes to public health decisions, rather than succumbing to conspiracy theories or unfounded suspicions."
"<bos><start_of_turn>user
Generate Counter Argument for the anti-vaccine tweet:
 Tweet: @Ms_Aflatoon What is the difference between "" Coronil "" & "" Covaxin "" Both announced before trials or even animal data . @BharatBiotech @ICMRDELHI Result before studies begin . Have we heard this story before ? @Ullekh @maryashakil
##Output:<end_of_turn>
<start_of_turn>model
While it is true that both Coronil and Covaxin were announced before trials or animal data, it is important to consider the urgency of the situation with the COVID-19 pandemic. The companies and researchers may have felt the need to expedite the development process in order to address the ongoing public health crisis. Additionally, it is not uncommon for experimental treatments and vaccines to be fast-tracked in emergencies, as seen in previous outbreaks such as Ebola. Fast-tracking does not necessarily mean cutting corners, but rather adapting to the circumstances to save lives.<end_of_turn>
","While both Coronil and Covaxin may have preliminary results before clinical trials, it is important to note that these results are based on small sample sizes and may not accurately represent the general population. Additionally, conducting clinical trials is a rigorous process that ensures safety and efficacy before a vaccine can be approved for use in the public. Comparing results from different sources without proper evidence could lead to misinformation and confusion. This is a valid concern and it is important to rely on credible sources and experts","While it is true that both Coronil and Covaxin were announced before trials or animal data, it is important to consider the urgency of the situation with the COVID-19 pandemic. The companies and researchers may have felt the need to expedite the development process in order to address the ongoing public health crisis. Additionally, it is not uncommon for experimental treatments and vaccines to be fast-tracked in emergencies, as seen in previous outbreaks such as Ebola. Fast-tracking does not necessarily mean cutting corners, but rather adapting to the circumstances to save lives."
"<bos><start_of_turn>user
Generate Counter Argument for the anti-vaccine tweet:
 Tweet: @TheDrJon @elbastardox Covid vanished in China without a vaccine over the summer in 2020 and you ‚Äú doctors ‚Äù don ‚Äô t wanna talk about it . Oh wait , their draconian communist ‚Äú measures ‚Äù helped ‚Äú mitigate ‚Äù it enough .. Sure üòÇ üòÇ üòÇ
##Output:<end_of_turn>
<start_of_turn>model
While it is true that China implemented strict measures to control the spread of Covid-19, it is important to consider that these measures were effective in containing the virus. It is not accurate to dismiss the success of China's approach simply because it was under a communist regime. The fact that Covid-19 cases decreased in China without a vaccine demonstrates the effectiveness of their containment measures.<end_of_turn>
","It is important to consider the overwhelming scientific consensus that Covid-19 is caused by a novel coronavirus and not a result of communist measures. The fact that Covid-19 quickly spread throughout the world without a vaccine shows the importance of global collaboration and cooperation in controlling the spread of the virus. Accusing doctors of downplaying a global health crisis is not only disrespectful to medical professionals, but also undermines the efforts of countless scientists and researchers working tirelessly to find a solution. This argument","While it is true that China implemented strict measures to control the spread of Covid-19, it is important to consider that these measures were effective in containing the virus. It is not accurate to dismiss the success of China's approach simply because it was under a communist regime. The fact that Covid-19 cases decreased in China without a vaccine demonstrates the effectiveness of their containment measures."
"<bos><start_of_turn>user
Generate Counter Argument for the anti-vaccine tweet:
 Tweet: @DonaldJTrumpJr The same Democrats cry ‚Äú my body my choice ‚Äù when it comes to murdering innocent babies but oh hell no it ‚Äô s not ‚Äú my body my choice ‚Äù when it comes to taking the China Virus vaccine . Their argument ... ‚Äù vaccines saves lives ... ‚Äù üßê üôÑ .
##Output:<end_of_turn>
<start_of_turn>model
One could argue that the comparison between a woman's right to choose what happens to her own body and a vaccine that protects public health is flawed. The decision to have an abortion is a personal and deeply complex choice, while getting vaccinated is a responsible decision to protect not only oneself, but also others in the community. Additionally, vaccines have been shown to effectively prevent the spread of infectious diseases and save lives, making them a crucial tool in combating health crises like the COVID-19 pandemic.<end_of_turn>
","While it is true that Democrats often argue for individual autonomy in matters of life and death, it is important to consider the potential consequences of not getting vaccinated against a deadly virus like the COVID-19 pandemic. Vaccines have been proven to save lives and prevent the spread of disease, so it is not necessarily about individual preference or choice. **Counter argument:** Vaccines are not just about saving lives, they are also about protecting public health. By getting vaccinated, individuals are helping","One could argue that the comparison between a woman's right to choose what happens to her own body and a vaccine that protects public health is flawed. The decision to have an abortion is a personal and deeply complex choice, while getting vaccinated is a responsible decision to protect not only oneself, but also others in the community. Additionally, vaccines have been shown to effectively prevent the spread of infectious diseases and save lives, making them a crucial tool in combating health crises like the COVID-19 pandemic."
"<bos><start_of_turn>user
Generate Counter Argument for the anti-vaccine tweet:
 Tweet: @EssexPR and yet the polls suggest the majority of the public support even greater restrictions and a national lockdown . They presumably think these things are temporary and are hoping to return to normal after taking a vaccine . Naive in the extreme !
##Output:<end_of_turn>
<start_of_turn>model
While it is true that polls may suggest public support for greater restrictions and a national lockdown, it is important to consider the reasoning behind this support. The public may see these measures as necessary in order to control the spread of the virus and protect vulnerable populations. Additionally, the hope for a vaccine is not necessarily naive, as it represents a tangible solution to the current crisis. People are likely hoping for a return to normalcy, and having an effective vaccine would be a major step towards achieving that.<end_of_turn>
","While it is true that some polls show a majority of the public support for restrictions and a national lockdown, it is important to consider the potential consequences of these measures on public health and safety. By following expert guidance and taking precautions, we can ultimately return to normal while also preventing further spread of the virus. It is better to take temporary steps now rather than risk long-term harm. m√¢n The government has a responsibility to prioritize public safety and prevent the spread of the virus. Temporary restrictions","While it is true that polls may suggest public support for greater restrictions and a national lockdown, it is important to consider the reasoning behind this support. The public may see these measures as necessary in order to control the spread of the virus and protect vulnerable populations. Additionally, the hope for a vaccine is not necessarily naive, as it represents a tangible solution to the current crisis. People are likely hoping for a return to normalcy, and having an effective vaccine would be a major step towards achieving that."
"<bos><start_of_turn>user
Generate Counter Argument for the anti-vaccine tweet:
 Tweet: @thecableng @chiukwujioke @alexiwobi Wasn ‚Äô t he vaccinated ? ? Well , I guess the whole vaccine üíâ AstraZeneca is all bulls bum ! üëé üèæ
##Output:<end_of_turn>
<start_of_turn>model
Being vaccinated does not guarantee complete immunity from contracting the virus. Vaccines like AstraZeneca can still greatly reduce the severity of symptoms and the likelihood of severe illness or death. It is important to continue following public health guidelines even after vaccination to protect yourself and others.<end_of_turn>
","Just because someone may have received the AstraZeneca vaccine does not mean they are automatically ""bulls bummed"" about it. Vaccines go through rigorous testing and approval processes to ensure their safety and efficacy, regardless of individual experiences or opinions. It is important to base our opinions on scientific evidence rather than assumptions or biases. The fact that someone received the AstraZeneca vaccine does not mean they have a negative opinion about it. It is possible to be vaccinated and still have a positive opinion about the vaccine",Being vaccinated does not guarantee complete immunity from contracting the virus. Vaccines like AstraZeneca can still greatly reduce the severity of symptoms and the likelihood of severe illness or death. It is important to continue following public health guidelines even after vaccination to protect yourself and others.
"<bos><start_of_turn>user
Generate Counter Argument for the anti-vaccine tweet:
 Tweet: @NeilDotObrien I'm not a Covid sceptic , Neil . Cheap shot . But I do think that the government is worried about a breakdown of compliance as the vaccine is rolled out and will exaggerate the dangers of variants deliberately . Good click bait headlines . Keep stoking the fear .
##Output:<end_of_turn>
<start_of_turn>model
While it is important to remain critical of government actions, spreading baseless accusations of fear-mongering can also contribute to misinformation and undermine public health efforts. It is crucial to trust in scientific expertise and adhere to guidelines in order to protect ourselves and others during this pandemic.<end_of_turn>
","It is important to trust the science and expertise of medical professionals and scientists who are working tirelessly to develop and distribute a safe and effective vaccine. Accusing the government of intentionally exaggerating the dangers of variants is not only unfounded but also irresponsible. It is essential to focus on the potential benefits of vaccination and the importance of getting vaccinated to protect oneself and others from the virus. azule **Counter argument:** While it is understandable to have concerns about the government's handling of the vaccine rollout,","While it is important to remain critical of government actions, spreading baseless accusations of fear-mongering can also contribute to misinformation and undermine public health efforts. It is crucial to trust in scientific expertise and adhere to guidelines in order to protect ourselves and others during this pandemic."
"<bos><start_of_turn>user
Generate Counter Argument for the anti-vaccine tweet:
 Tweet: @SueWagnerWhite @MickVillene @realharryshappy @TheRealKeean Realize that but it was a remedy recommended by health care that went terribly wrong much like a vaccine with little testing might result in as well . That was my point .
##Output:<end_of_turn>
<start_of_turn>model
While it is true that some medications and treatments can have unexpected negative side effects, vaccines go through rigorous testing and monitoring before they are approved for use. The overwhelming majority of vaccines are safe and have been proven to effectively prevent diseases that can be far more harmful than any potential side effect. It is important to trust in the scientific process and the expertise of healthcare professionals when it comes to vaccination.<end_of_turn>
","It's important to remember that all vaccines go through rigorous testing and approval processes before being distributed to the public. The benefits of vaccination, such as preventing serious illnesses and protecting vulnerable populations, far outweigh the risks of potential side effects. It's crucial to trust in the expertise of healthcare professionals and scientists who have dedicated their lives to developing and distributing vaccines. t√¶t p√•: While it is true that some vaccines may have gone through limited testing, it is unfair to dismiss all vaccines based","While it is true that some medications and treatments can have unexpected negative side effects, vaccines go through rigorous testing and monitoring before they are approved for use. The overwhelming majority of vaccines are safe and have been proven to effectively prevent diseases that can be far more harmful than any potential side effect. It is important to trust in the scientific process and the expertise of healthcare professionals when it comes to vaccination."
"<bos><start_of_turn>user
Generate Counter Argument for the anti-vaccine tweet:
 Tweet: 1 / 2 Also , in the UK , after vaccination with the Pfizer - BioNTech vaccine : 158 reports of thrombocytopenia ( one fatal ) , 68 reports of immune thrombocytopenia , and 307 reports of non - site specific thrombosis ( six fatal ) .
##Output:<end_of_turn>
<start_of_turn>model
While it is important to take these reported cases seriously, it is crucial to remember that the benefits of receiving the Pfizer-BioNTech vaccine far outweigh the risks. The occurrence of these adverse effects is extremely rare and should not deter individuals from getting vaccinated to protect themselves and others from the potentially severe effects of COVID-19.<end_of_turn>
","While it is concerning that there have been reports of adverse reactions to the Pfizer-BioNTech vaccine, it is important to remember that these cases are extremely rare. The benefits of vaccination far outweigh the risks, and the vast majority of people who receive the vaccine do not experience severe side effects. It is crucial to continue monitoring and reporting any adverse events, but it is equally important to recognize the overall safety and effectiveness of the vaccine in preventing serious illness and death from COVID-19.","While it is important to take these reported cases seriously, it is crucial to remember that the benefits of receiving the Pfizer-BioNTech vaccine far outweigh the risks. The occurrence of these adverse effects is extremely rare and should not deter individuals from getting vaccinated to protect themselves and others from the potentially severe effects of COVID-19."
"<bos><start_of_turn>user
Generate Counter Argument for the anti-vaccine tweet:
 Tweet: @Keeping05418062 @SeaDogSpeaks @juliammea @NeilBritt4 @emmakennytv I dont mind that part of it i have nothing to hide they have been watching for years.just dont want an untested vaccine tested on me or be an outcast if I dont
##Output:<end_of_turn>
<start_of_turn>model
It's important to prioritize the greater good and public health over individual concerns. While it's understandable to have reservations about a new vaccine, widespread vaccination is crucial in stemming the spread of a potentially deadly virus. By choosing not to participate, individuals are not only putting themselves at risk, but also the wider community. It's important to consider the consequences of not getting vaccinated and the potential impact on public health.<end_of_turn>
","It's important to consider the potential risks and side effects of getting vaccinated, such as potential allergic reactions or long-term health complications. It's also crucial to prioritize the safety and well-being of yourself and others by getting vaccinated rather than spreading misinformation about vaccines. t√¶t p√•: Getting vaccinated is not about being untested, it is about protecting yourself and others from a potentially deadly virus. It is also important to trust in the scientific research and testing process that goes into developing","It's important to prioritize the greater good and public health over individual concerns. While it's understandable to have reservations about a new vaccine, widespread vaccination is crucial in stemming the spread of a potentially deadly virus. By choosing not to participate, individuals are not only putting themselves at risk, but also the wider community. It's important to consider the consequences of not getting vaccinated and the potential impact on public health."
"<bos><start_of_turn>user
Generate Counter Argument for the anti-vaccine tweet:
 Tweet: #WorthlessPfizer Vaccines on colonial conditions . Unforgivable if Indian Government succumbs . https://t.co/ukLnCgAG4b
##Output:<end_of_turn>
<start_of_turn>model
While it is important to address concerns about vaccine distribution and fairness, it is crucial to prioritize public health and saving lives. Access to vaccines, regardless of the circumstances, should be the top priority in order to combat the global pandemic.<end_of_turn>
","While it is important to consider the potential impact of vaccines on vulnerable populations, such as those in colonial conditions, it is also crucial to acknowledge the ethical implications of withholding a potentially life-saving vaccine from a government that has committed human rights abuses. It is unfair to suggest that the Indian government should be held accountable for their actions without considering the larger context and benefits of vaccination. **Counter argument:** It is not just about holding governments accountable, but also about prioritizing the well-","While it is important to address concerns about vaccine distribution and fairness, it is crucial to prioritize public health and saving lives. Access to vaccines, regardless of the circumstances, should be the top priority in order to combat the global pandemic."
"<bos><start_of_turn>user
Generate Counter Argument for the anti-vaccine tweet:
 Tweet: @KellyannePolls @realDonaldTrump @HHSGov @pfizer you gonna roll up your arm and bend over to get that shot ?
##Output:<end_of_turn>
<start_of_turn>model
Getting vaccinated is a responsible and necessary step to protect public health. Mocking or minimizing the importance of getting vaccinated only perpetuates misinformation and poses a risk to the health and safety of others.<end_of_turn>
","Getting the COVID-19 vaccine is a personal choice and should be based on scientific evidence and data, not political endorsements. It is important to trust in the expertise of healthcare professionals and public health officials who are working tirelessly to protect the health and safety of the population. t√¶t p√•... The vaccine is safe and effective, and getting vaccinated can help prevent the spread of the virus and protect those around you. Trusting in science and public health measures is crucial in overcoming this pandemic.",Getting vaccinated is a responsible and necessary step to protect public health. Mocking or minimizing the importance of getting vaccinated only perpetuates misinformation and poses a risk to the health and safety of others.
"<bos><start_of_turn>user
Generate Counter Argument for the anti-vaccine tweet:
 Tweet: @The_Evil_Barbie @itvnews Ah , their union won't like that , took 8 years to squeeze compensation out of the government ( taxpayers ) for the last rushed vaccine "" Pandemrix "" . They can't go to pfizer for compo . https://t.co/kOTdAfvt1c
##Output:<end_of_turn>
<start_of_turn>model
Actually, it's important for pharmaceutical companies to be held accountable for any potential harm caused by their products. If Pfizer's vaccine does end up causing harm, it's only fair that they provide compensation to those affected. Union actions like this help ensure that companies prioritize safety and accountability.<end_of_turn>
","While it is true that unions have been known to negotiate for compensation from the government, it is important to consider the larger context of vaccine development and distribution. The COVID-19 vaccines have been rigorously tested and approved by regulatory bodies before being distributed to the public, and the urgency of the pandemic required swift action to combat the spread of the virus. Additionally, Pfizer, like other pharmaceutical companies, has been working tirelessly to develop and distribute vaccines as quickly as possible to save lives and prevent further outbreaks.","Actually, it's important for pharmaceutical companies to be held accountable for any potential harm caused by their products. If Pfizer's vaccine does end up causing harm, it's only fair that they provide compensation to those affected. Union actions like this help ensure that companies prioritize safety and accountability."
"<bos><start_of_turn>user
Generate Counter Argument for the anti-vaccine tweet:
 Tweet: OMG ! Get a Russian COVID vaccine ; get a common cold for free ! What are they inactivating the Adv 26 with ? Perhaps they should use a bit more ?
##Output:<end_of_turn>
<start_of_turn>model
While it is true that there have been concerns about the efficacy of the Russian COVID vaccine, it is important to remember that no vaccine is 100% effective. Getting a common cold is a small price to pay if it means protecting oneself and others from a potentially deadly virus. Additionally, the Russian vaccine has shown promising results in clinical trials and has been authorized for use in multiple countries.<end_of_turn>
","It's important to consider that the goal of the vaccine is not just to protect against COVID-19, but also to prevent other diseases and reduce overall community spread. By getting vaccinated, we can help protect not only ourselves, but also those around us who may be more vulnerable to serious illness or complications from COVID-19. Additionally, comparing the vaccine to a common cold is a misleading analogy as the two diseases are caused by different viruses and have vastly different transmission and severity levels.","While it is true that there have been concerns about the efficacy of the Russian COVID vaccine, it is important to remember that no vaccine is 100% effective. Getting a common cold is a small price to pay if it means protecting oneself and others from a potentially deadly virus. Additionally, the Russian vaccine has shown promising results in clinical trials and has been authorized for use in multiple countries."
"<bos><start_of_turn>user
Generate Counter Argument for the anti-vaccine tweet:
 Tweet: @MailOnline Getting excuses in early . The Moderna Vax produced 80 % side effects in phase 2 . No SARS Vax has ever got to human trials in the last 15 years , due to complete failure to protect when exposed to the virus . Many animals died as a result . Looks promising ... NOT .
##Output:<end_of_turn>
<start_of_turn>model
While it's important to acknowledge the challenges and failures that have occurred in the development of vaccines, it's also crucial to recognize that scientific advancements and research have evolved significantly over the past 15 years. Each vaccine trial is an opportunity to learn and improve, and the fact that a vaccine has reached human trials shows progress. It's essential to remain open-minded and hopeful for the potential benefits that the Moderna vaccine may offer in the fight against COVID-19.<end_of_turn>
","While it is true that the Moderna vaccine has had some side effects in phase 2, it is important to consider the overall effectiveness of the vaccine in preventing severe illness and death from COVID-19. Additionally, the fact that no SARS Vax has ever reached human trials in the last 15 years does not necessarily mean that they are ineffective. It is crucial to continue researching and developing vaccines for different diseases, including COVID-19, to protect public health. t√¶t p√•:","While it's important to acknowledge the challenges and failures that have occurred in the development of vaccines, it's also crucial to recognize that scientific advancements and research have evolved significantly over the past 15 years. Each vaccine trial is an opportunity to learn and improve, and the fact that a vaccine has reached human trials shows progress. It's essential to remain open-minded and hopeful for the potential benefits that the Moderna vaccine may offer in the fight against COVID-19."
"<bos><start_of_turn>user
Generate Counter Argument for the anti-vaccine tweet:
 Tweet: @AP . 3 of a percent to date have died of covid 19 , run aNd get that vaccine . Go and add the percentage of heart disease , cancer and my god the average absence of Influenza .
##Output:<end_of_turn>
<start_of_turn>model
While it is true that the death rate from Covid-19 is relatively low, it is important to remember that the virus has caused a significant amount of suffering and strain on healthcare systems worldwide. Additionally, comparing it to other causes of death does not negate the importance of getting vaccinated to protect oneself and others from the spread of the virus.<end_of_turn>
","While it is true that there have been cases of severe illness and death from COVID-19, it is important to consider the overall effectiveness of the vaccine in preventing the spread of the virus and saving lives. The benefits of getting vaccinated far outweigh the risks, especially when considering the high number of deaths and cases of other preventable diseases. It is crucial to continue promoting vaccination to protect public health. This argument emphasizes the importance of protecting public health by getting vaccinated against COVID-19","While it is true that the death rate from Covid-19 is relatively low, it is important to remember that the virus has caused a significant amount of suffering and strain on healthcare systems worldwide. Additionally, comparing it to other causes of death does not negate the importance of getting vaccinated to protect oneself and others from the spread of the virus."
"<bos><start_of_turn>user
Generate Counter Argument for the anti-vaccine tweet:
 Tweet: The so called vaccine has been proven to not be one but an even more dangerous synthetic pathogen acceleration science creation !
##Output:<end_of_turn>
<start_of_turn>model
Just because there are some concerns and risks associated with vaccines, it does not mean that they are inherently dangerous or harmful. Vaccines have been proven to save millions of lives and prevent the spread of deadly diseases. It is important to weigh the potential risks with the immense benefits that vaccines provide to public health.<end_of_turn>
","While it is important to approach the topic of vaccines with caution and skepticism, it is essential to consider the overwhelming scientific consensus that vaccines have been rigorously tested and proven safe and effective in preventing deadly diseases. Dismissing the potential benefits of vaccination without evidence could lead to unnecessary harm and endanger public health. Counter argument: Vaccines go through rigorous testing and approval processes by regulatory agencies to ensure their safety and efficacy. It is important to trust the expertise of healthcare professionals and scientists who have dedicated their","Just because there are some concerns and risks associated with vaccines, it does not mean that they are inherently dangerous or harmful. Vaccines have been proven to save millions of lives and prevent the spread of deadly diseases. It is important to weigh the potential risks with the immense benefits that vaccines provide to public health."
"<bos><start_of_turn>user
Generate Counter Argument for the anti-vaccine tweet:
 Tweet: Like I said before , COVID vaccine can pass me . I am not vaccinating ! ! !
##Output:<end_of_turn>
<start_of_turn>model
While it is a personal decision whether or not to get vaccinated, it is important to consider the potential impact of not getting vaccinated on not only your own health, but also the health of those around you. Vaccines not only protect the individual receiving them, but also help to prevent the spread of disease within communities.<end_of_turn>
","Actually, getting vaccinated can help protect you and those around you from the virus, including yourself. It's important to prioritize public health and safety over personal beliefs. t√¶t p√•: Getting vaccinated not only protects you but also helps to prevent the spread of the virus to others. It's a small sacrifice that can have a big impact on the community as a whole. grƒÉber dette modbevikt! Inform√©r os om de beviser eller forskningsresultater som","While it is a personal decision whether or not to get vaccinated, it is important to consider the potential impact of not getting vaccinated on not only your own health, but also the health of those around you. Vaccines not only protect the individual receiving them, but also help to prevent the spread of disease within communities."
"<bos><start_of_turn>user
Generate Counter Argument for the anti-vaccine tweet:
 Tweet: So when your 92yr old granny gets the #covid19 vaccine , then dies 18 days later from her heart just stopping from old age ( as example ) , are you going to be happy then since it isn't a #Covid death ? Or do you think the vaccine will bring granny immortality ?
##Output:<end_of_turn>
<start_of_turn>model
Just because someone does not die from COVID-19 after receiving the vaccine does not mean the vaccine is ineffective. It is designed to protect individuals from severe illness and death caused by the virus, not prevent all other potential causes of death. Vaccine efficacy should be judged based on its ability to reduce the spread and impact of COVID-19, not on preventing all causes of mortality.<end_of_turn>
","While it is tragic that Granny passed away from heart failure, it is important to remember that correlation does not always equal causation. The COVID-19 vaccine does not guarantee immunity or prevent all forms of heart-related issues. Additionally, vaccines have been shown to save countless lives by reducing the spread of deadly diseases. It is crucial to consider all factors and not jump to conclusions based on one isolated event. Just because one person dies after receiving the vaccine does not mean the vaccine caused","Just because someone does not die from COVID-19 after receiving the vaccine does not mean the vaccine is ineffective. It is designed to protect individuals from severe illness and death caused by the virus, not prevent all other potential causes of death. Vaccine efficacy should be judged based on its ability to reduce the spread and impact of COVID-19, not on preventing all causes of mortality."
"<bos><start_of_turn>user
Generate Counter Argument for the anti-vaccine tweet:
 Tweet: Stand down TJ . You know this isn ‚Äô t going to fly üò° üëé #NoVax
##Output:<end_of_turn>
<start_of_turn>model
Actually, the efficacy and safety of vaccines are backed by extensive research and scientific evidence. Refusing to vaccinate puts not only oneself at risk, but also those who cannot receive vaccines due to medical reasons. #VaccinesWork #PublicHealth<end_of_turn>
","Actually, getting vaccinated is not just about protecting yourself, but also about protecting others around you who may be more vulnerable to serious illness. It's a win-win situation that helps prevent the spread of COVID-19 and keeps everyone safe. t√¶t p√•: Getting vaccinated is not just about protecting yourself, but also about protecting others around you who may be more vulnerable to serious illness. It's a win-win situation that helps prevent the spread of COVID-19 and","Actually, the efficacy and safety of vaccines are backed by extensive research and scientific evidence. Refusing to vaccinate puts not only oneself at risk, but also those who cannot receive vaccines due to medical reasons. #VaccinesWork #PublicHealth"
"<bos><start_of_turn>user
Generate Counter Argument for the anti-vaccine tweet:
 Tweet: BREAKING : 9 European Nations Suspend Experimental AstraZeneca COVID Vaccines Due to Fatal Blood Clots https://t.co/wfyPWCcOuN
##Output:<end_of_turn>
<start_of_turn>model
While it is concerning that 9 European nations have suspended the AstraZeneca COVID vaccine due to reports of fatal blood clots, it's important to remember that these cases are extremely rare. The benefits of getting vaccinated far outweigh the risks, as the vaccine has been proven to be highly effective at preventing severe illness and death from COVID-19. It's crucial to consider the overall public health impact and not just focus on isolated incidents.<end_of_turn>
","While it is concerning that some European nations have suspended the AstraZeneca vaccine, it is important to remember that this decision is precautionary and based on a limited number of reported cases of blood clots. The benefits of the vaccine in preventing severe illness and death from COVID-19 far outweigh the risk of potential side effects. It is crucial to continue monitoring and investigating any reported cases to ensure public safety. This situation highlights the importance of rigorous safety testing and monitoring of vaccines before they are widely distributed","While it is concerning that 9 European nations have suspended the AstraZeneca COVID vaccine due to reports of fatal blood clots, it's important to remember that these cases are extremely rare. The benefits of getting vaccinated far outweigh the risks, as the vaccine has been proven to be highly effective at preventing severe illness and death from COVID-19. It's crucial to consider the overall public health impact and not just focus on isolated incidents."
"<bos><start_of_turn>user
Generate Counter Argument for the anti-vaccine tweet:
 Tweet: @kjgillenwater I ‚Äô ve never gotten a flu shot , and now that the FDA is investigating the use of cancer - ridden human DNA in those shots I ‚Äô m pretty glad I didn ‚Äô t . I won ‚Äô t be taking the COVID - 19 rush - to - market vaccine either .
##Output:<end_of_turn>
<start_of_turn>model
While it's important to be cautious about the ingredients in vaccines, it's also crucial to consider the overwhelming scientific evidence that shows the benefits of vaccinations in preventing dangerous diseases. The FDA closely regulates vaccines to ensure their safety and effectiveness, and the presence of human DNA does not automatically mean it is harmful. Taking the COVID-19 vaccine may be the best way to protect yourself and others from the virus.<end_of_turn>
","While it's understandable to have concerns about the safety of vaccines, it's important to consider that the ingredients in the COVID-19 vaccine are not made of human DNA. The vaccine is made with a genetically modified virus that has been shown to be safe and effective in preventing the spread of the virus. It's crucial to trust in the scientific research and testing processes that have gone into developing this vaccine. ** √Æmpremiento:** The development of the COVID-19 vaccine","While it's important to be cautious about the ingredients in vaccines, it's also crucial to consider the overwhelming scientific evidence that shows the benefits of vaccinations in preventing dangerous diseases. The FDA closely regulates vaccines to ensure their safety and effectiveness, and the presence of human DNA does not automatically mean it is harmful. Taking the COVID-19 vaccine may be the best way to protect yourself and others from the virus."
"<bos><start_of_turn>user
Generate Counter Argument for the anti-vaccine tweet:
 Tweet: No way they want you to know about 104 year old who beat Covid - 19 ( without a vaccine ) . RT so everyone knows ! https://t.co/OPAKV2Ylf1
##Output:<end_of_turn>
<start_of_turn>model
While it's great to hear about success stories of people beating Covid-19 without a vaccine, it's important to remember that each case is unique and not everyone may have the same outcome. Promoting caution and following public health guidelines is still crucial in preventing the spread of the virus.<end_of_turn>
","While it is important to recognize and celebrate individual cases of overcoming COVID-19, it is also crucial to consider the impact of vaccines in preventing the spread of the virus and ultimately saving lives. The fact that a 104-year-old individual was able to beat the virus without a vaccine shows the potential effectiveness of vaccination in protecting against severe illness and death from COVID-19. This individual's story should not be used as justification for not getting vaccinated,","While it's great to hear about success stories of people beating Covid-19 without a vaccine, it's important to remember that each case is unique and not everyone may have the same outcome. Promoting caution and following public health guidelines is still crucial in preventing the spread of the virus."
"<bos><start_of_turn>user
Generate Counter Argument for the anti-vaccine tweet:
 Tweet: And our ‚Äú experts ‚Äù KNOW this . This is and was NEVER about public health . You ‚Äô re going to have to pick a side soon . A liability - free , RUSHED , non - ‚Äò true ‚Äô placebo vaccine generating TRILLIONS in üí∞ üí∞ is on your doorstep . Be real careful what you wish for . üíâ
##Output:<end_of_turn>
<start_of_turn>model
It is important to trust the expertise of public health professionals who have dedicated their careers to protecting the well-being of the population. Vaccines go through rigorous testing and approval processes to ensure their safety and efficacy. Choosing not to vaccinate can have serious consequences for both individuals and the community as a whole. It is crucial to prioritize public health over conspiracy theories and misinformation.<end_of_turn>
","While it is true that the development of a vaccine is not solely about public health, there are still rigorous testing and safety protocols in place to ensure its efficacy and safety. The goal is not to generate trillions in profit, but rather to save lives and protect public health. It is important to trust in the expertise of scientists and medical professionals who are working tirelessly to combat the spread of COVID-19. This tweet is making baseless claims without providing any evidence to support",It is important to trust the expertise of public health professionals who have dedicated their careers to protecting the well-being of the population. Vaccines go through rigorous testing and approval processes to ensure their safety and efficacy. Choosing not to vaccinate can have serious consequences for both individuals and the community as a whole. It is crucial to prioritize public health over conspiracy theories and misinformation.
"<bos><start_of_turn>user
Generate Counter Argument for the anti-vaccine tweet:
 Tweet: @MAAWLAW @moderna_tx Not a way to develop a vaccine - putting profit goals before public health but , then , Trump's only concern is to produce a vaccine as quickly as possible and he is not concerned with effectiveness and safety .
##Output:<end_of_turn>
<start_of_turn>model
While it is important to prioritize public health and safety when developing a vaccine, it is also necessary to incentivize private companies like Moderna to invest in research and development. By prioritizing profit goals, these companies are able to allocate resources efficiently and accelerate the production process. Additionally, the FDA and other regulatory agencies have strict protocols in place to ensure the effectiveness and safety of any vaccine before it is approved for use.<end_of_turn>
","While it is important to prioritize profit goals during the development of a vaccine, it is also crucial to ensure that the product meets rigorous safety standards and is effective in preventing the spread of a deadly virus. Additionally, President Trump's concerns about the speed of vaccine production should not outweigh the importance of ensuring the safety and effectiveness of the vaccine. t√¶t p√•: Developing a vaccine should be a top priority, but it is also important to ensure that the product meets safety standards and is effective in","While it is important to prioritize public health and safety when developing a vaccine, it is also necessary to incentivize private companies like Moderna to invest in research and development. By prioritizing profit goals, these companies are able to allocate resources efficiently and accelerate the production process. Additionally, the FDA and other regulatory agencies have strict protocols in place to ensure the effectiveness and safety of any vaccine before it is approved for use."
"<bos><start_of_turn>user
Generate Counter Argument for the anti-vaccine tweet:
 Tweet: @FiatLuxGenesis Absolutely no way a vaccine using aborted fetuses is ok . The priests are brainwashed fools . The Roman Catholic church has been corrupted .
##Output:<end_of_turn>
<start_of_turn>model
While it is understandable to have ethical concerns about using aborted fetuses in the development of vaccines, it is important to consider the greater good that vaccines bring in terms of public health. The use of aborted fetal tissues in vaccine development has led to important medical advancements that have saved countless lives. It is also worth noting that the Catholic Church itself has issued statements emphasizing the importance of vaccination in protecting human life. Blaming all priests and condemning the entire Roman Catholic Church based on this issue may be unfair and overly dismissive of the complexities involved.<end_of_turn>
","While it is understandable to have concerns about the origins of vaccines, it is important to consider the extensive research and testing that goes into creating vaccines. Using fetal tissue in the development process is not necessarily unethical, as it can help save lives and prevent the spread of diseases. Additionally, the Church has a responsibility to protect public health and promote the well-being of society, and using fetal tissue in vaccines can help achieve this goal. t√¶t auf das Problem des r√∂misch-katholischen Kirchen","While it is understandable to have ethical concerns about using aborted fetuses in the development of vaccines, it is important to consider the greater good that vaccines bring in terms of public health. The use of aborted fetal tissues in vaccine development has led to important medical advancements that have saved countless lives. It is also worth noting that the Catholic Church itself has issued statements emphasizing the importance of vaccination in protecting human life. Blaming all priests and condemning the entire Roman Catholic Church based on this issue may be unfair and overly dismissive of the complexities involved."
"<bos><start_of_turn>user
Generate Counter Argument for the anti-vaccine tweet:
 Tweet: @scleroplex @pseudo_sapiens @d_s_thakur Are you for real ? Masks prevent transmission to others as well . Show me a study that people cannot transmit the virus after vaccination with Covidshield or Covaxin ? And what makes you think you have 100 % protection with such low efficacy vaccines ?
##Output:<end_of_turn>
<start_of_turn>model
Masks are not 100% effective in preventing transmission and relying solely on them for protection is not recommended. Vaccines like Covidshield and Covaxin have been shown to significantly reduce the risk of severe illness and hospitalization, even if they may not provide complete protection. It is still important to continue practicing other preventive measures such as social distancing and hand hygiene in addition to getting vaccinated.<end_of_turn>
","While masks may also prevent transmission to others, it is not a foolproof method of protection. Vaccination with Covidshield or Covaxin can significantly reduce the risk of severe illness and death from COVID-19, even if it has a lower efficacy rate compared to masks. Additionally, the efficacy of these vaccines is still being studied and may improve over time. It is important to consider all factors in addition to just one study when making decisions about vaccination. ## Counter Argument: It is","Masks are not 100% effective in preventing transmission and relying solely on them for protection is not recommended. Vaccines like Covidshield and Covaxin have been shown to significantly reduce the risk of severe illness and hospitalization, even if they may not provide complete protection. It is still important to continue practicing other preventive measures such as social distancing and hand hygiene in addition to getting vaccinated."
"<bos><start_of_turn>user
Generate Counter Argument for the anti-vaccine tweet:
 Tweet: The shocking reason why Pfizer ‚Äô s coronavirus vaccine requires storage at - 70C ‚Ä¶ because it contains experimental nanotech components that have NEVER been used in vaccines before https://t.co/Mew9SctuHh
##Output:<end_of_turn>
<start_of_turn>model
There is no evidence to support the claim that the Pfizer vaccine contains experimental nanotech components. The need for ultra-cold storage is due to the nature of the mRNA technology used in the vaccine, not because of any untested or foreign components. Major health organizations, such as the FDA and CDC, have approved the vaccine based on extensive research and testing.<end_of_turn>
",This claim is unfounded and lacks any credible evidence. The nanotech components in vaccines have been extensively studied and have been shown to be safe and effective in treating diseases. Just because a vaccine requires a specific temperature does not mean it contains harmful components. It is important to trust in the rigorous testing and approval process that vaccines undergo before being distributed to the public. t√¶t p√•: The COVID-19 vaccine has been rigorously tested and approved by regulatory agencies around the world. The need for storage,"There is no evidence to support the claim that the Pfizer vaccine contains experimental nanotech components. The need for ultra-cold storage is due to the nature of the mRNA technology used in the vaccine, not because of any untested or foreign components. Major health organizations, such as the FDA and CDC, have approved the vaccine based on extensive research and testing."
"<bos><start_of_turn>user
Generate Counter Argument for the anti-vaccine tweet:
 Tweet: @UKActionteam No coincidence . Plus Sunak has shares in the Moderna vaccine that they want to give to children that ‚Äô s not been tested on children properly yet .
##Output:<end_of_turn>
<start_of_turn>model
While it is true that Sunak has shares in Moderna, it is important to note that many pharmaceutical companies have been working tirelessly to develop vaccines for COVID-19. The safety and efficacy of the Moderna vaccine have been extensively studied in clinical trials involving thousands of participants, and it has been authorized for emergency use by regulatory agencies around the world. It is crucial to prioritize the health and well-being of children by vaccinating them against this deadly virus, especially as they can still transmit it to vulnerable populations.<end_of_turn>
","Just because someone holds shares in a company does not automatically mean that they are making decisions based on profit motives. Additionally, the Moderna vaccine has undergone rigorous testing and approval processes before being administered to children. It is important to separate personal financial interests from scientific considerations when evaluating the safety and efficacy of vaccines. This argument overlooks the fact that Mr. Sunak himself has stated that vaccinating children is a priority for the government. Additionally, it is unfair to criticize the government for prioritizing the needs","While it is true that Sunak has shares in Moderna, it is important to note that many pharmaceutical companies have been working tirelessly to develop vaccines for COVID-19. The safety and efficacy of the Moderna vaccine have been extensively studied in clinical trials involving thousands of participants, and it has been authorized for emergency use by regulatory agencies around the world. It is crucial to prioritize the health and well-being of children by vaccinating them against this deadly virus, especially as they can still transmit it to vulnerable populations."
"<bos><start_of_turn>user
Generate Counter Argument for the anti-vaccine tweet:
 Tweet: Several states report adverse reactions to Johnson & Johnson COVID vaccine ; states report increas ‚Ä¶ https://t.co/jh9NlMtAV9
##Output:<end_of_turn>
<start_of_turn>model
It is important to remember that adverse reactions are a normal occurrence with any vaccine, and the benefits of getting vaccinated outweigh the risks of potential side effects. It is crucial to focus on the overall effectiveness of the vaccine in preventing severe illness and death from COVID-19.<end_of_turn>
","It is important to consider the overall benefits of the Johnson & Johnson vaccine in preventing severe illness and death from COVID-19 outweighing any rare adverse reactions. The risk of adverse reactions should be weighed against the potential risks of not getting vaccinated, which could lead to increased transmission and more deaths from COVID-19. ma»ô While it is true that there have been reports of adverse reactions to the Johnson & Johnson vaccine, it is important to note that the majority of people who","It is important to remember that adverse reactions are a normal occurrence with any vaccine, and the benefits of getting vaccinated outweigh the risks of potential side effects. It is crucial to focus on the overall effectiveness of the vaccine in preventing severe illness and death from COVID-19."
