"Timestamp","Enter your prolific ID","Please write a counter-argument for this tweet:

If you are <40, healthy & fit and have no conditions or situations that may put you at extra risk, you do not NEED a vaccine for #covid19 >99% natural recovery. If you've had the virus, you do not NEED a vaccine. The already very ill / very old / very fat should have 2doses. . ","Please write a counter-argument for this tweet:

@johnrobertsFox @AstraZeneca @KyraPhillips I'll take my chances with natural immunity by getting the virus and being treated with Hydroxichloroquine, zpak and zinc. ","Please write a counter-argument for this tweet:

Insisting on a #vaccine that many people do not NEED will make much more PROFIT than a treatment for the 1% of people who might need one or a preventative #VitaminD supplement.  #Ziverdo #Ivermectin #Favipiravir #Ivermectin #Doxycycline","Please write a counter-argument for this tweet:

@TheLiamSturgess @JeanmarcBenoit ‚ÄúCDC and FDA are monitoring reports of Guillain-Barr√© Syndrome (GBS) in people who have received the J&J/Janssen COVID-19 Vaccine.‚Äù per CDC website ü§® https://t.co/hI9so3W7ze","Please write a counter-argument for this tweet:

20+ Countries Suspend Use of AstraZeneca Vaccine, But Regulators Insist ‚ÄòBenefits Outweigh Risks‚Äô WHO and the EMA are investigating reports of blood clot-related injuries and deaths after the AstraZeneca COVID vaccine https://t.co/GxQvLEbCXT ","Please write a counter-argument for this tweet:

@firstmove @CureVacRNA @richardquest Is Covid-19 Vaccine SAFE for Pregnant Women ? ? ? HELL NO !!! Don‚Äôt you dare sign that paper unless you can prove 100 % there are absolutely NO BIRTH DEFECTS. (Testing will take 9 months plus 2 years) We don‚Äôt want no COVID BABIES.","Please write a counter-argument for this tweet:

If it's so safe why do Pfizer need protection from legal action? So I am afraid to say, for that reason, I am out https://t.co/KAQ95ZFNgF ","Please write a counter-argument for this tweet:

Moderna to start testing its mRNA COVID-19 vaccine on children ‚Äì are parents really letting their kids serve as guinea pigs? https://t.co/J8Elm3Obu9 via @dreddymd ","Please write a counter-argument for this tweet:

@ryan_wardeh @PoliticsForAlI @Telegraph its a mrna ""vaccine"" with technology still in its infancy with potential short term side effects and we have no idea about the long term because the trial is ongoing ","Please write a counter-argument for this tweet:

@uncommoncents70 @TruthAgape @RosetaniLiving My concern is the long term effects, which obviously haven‚Äôt been studied. I‚Äôm worried I‚Äôll be watching tv one day and a commercial come on saying ‚Äúif you or a loved one had the Pfizer/Moderna covid vaccine in 2021, you may be entitled to financial compensation‚Äù üòÇ ","Please write a counter-argument for this tweet:

@bratton The oldest and the one behind them all, vaccine is a sin. ","Please write a counter-argument for this tweet:

On Tuesday, leaders of the Catholic Church issued a statement urging Catholics to avoid taking Johnson & Johnson's COVID-19 vaccine due to questions about how it was produced. https://t.co/RxpGlDKwdb ","Please share your feedback about this task -- How can this task be improved? Did you face any problem? Was some instruction vague? Were some tweets difficult to understand? "
"2022/10/18 2:16:33 AM GMT+5:30","aa","aaaaaaaaaaaaaaaaaaaaaaaaaaaaaaaaaaaaaaaaaaaaaaaaaaaaaaaaaaa","aaaaaaaaaaaaaaaaaaaaaaaaaaaaaaaaaaaaaaaaaaaaaaaaaaaaaaaaaaa","aaaaaaaaaaaaaaaaaaaaaaaaaaaaaaaaaaaaaaaaaaaaaaaaaaaaaaaaaaa","aaaaaaaaaaaaaaaaaaaaaaaaaaaaaaaaaaaaaaaaaaaaaaaaaaaaaaaaaaa","aaaaaaaaaaaaaaaaaaaaaaaaaaaaaaaaaaaaaaaaaaaaaaaaaaaaaaaaaaa","aaaaaaaaaaaaaaaaaaaaaaaaaaaaaaaaaaaaaaaaaaaaaaaaaaaaaaaaaaa","aaaaaaaaaaaaaaaaaaaaaaaaaaaaaaaaaaaaaaaaaaaaaaaaaaaaaaaaaaa","aaaaaaaaaaaaaaaaaaaaaaaaaaaaaaaaaaaaaaaaaaaaaaaaaaaaaaaaaaa","aaaaaaaaaaaaaaaaaaaaaaaaaaaaaaaaaaaaaaaaaaaaaaaaaaaaaaaaaaa","aaaaaaaaaaaaaaaaaaaaaaaaaaaaaaaaaaaaaaaaaaaaaaaaaaaaaaaaaaa","aaaaaaaaaaaaaaaaaaaaaaaaaaaaaaaaaaaaaaaaaaaaaaaaaaaaaaaaaaa","aaaaaaaaaaaaaaaaaaaaaaaaaaaaaaaaaaaaaaaaaaaaaaaaaaaaaaaaaaa",""
"2022/10/18 3:17:41 AM GMT+5:30","5eac3b9d594017087b3788af","The more people who are vaccinated the more we protect all parts of the population","Those treatments have no known benefit and there is no way to predict how serious your reaction to being infected could be, including death","By vaccinating the masses we dramatically reduce the likelihood of anyone getting seriously Ill or dying","there is no evidence of long term issues with the vaccine","The number of clots was in the 10s amongst millions of administered doses, far less risk than being unvaccinated. ","The technology behind the vaccine is known to fe safe for pregnant women and the far greater danger is to be unvaccinated and catch covid when pregnant","This was to allow the fast track development of the vaccine, which we required to short circuit the normal testing timescale, not because there is any concerns. ","Any trials are done under the strictest safety procedures as are used in all trials","Testing has been exhaustive and no issues amongst billions of administered doses","The vaccine is based in long known technology with an excellent history of safety","Vaccines are for the greater good, we all help each other stay safe. ","The J&J vaccine is fully compliant with all ethics regulations ","None"
"2022/10/18 3:20:21 AM GMT+5:30","5c3c1728bc64440001349812","What scientific evidence is this based on?  This seems like a generalisation and when these are made they generally over simplify and misrepresent the facts.  Please provide your sources. ","I would be careful taking a natural approach and then taking non-natural substances which might not be proven or recommended by health experts.  ","Prevention is always better than treatment or cure.  ","Glad they official areas monitoring this for public safety - system is working, gives me confidence. Need to wait for outcomes before jumping to conclusions.","Seems suspension based on availability of other vaccines which have lower risk in blood clots.  Sensible move.","There is no way to prove 100% of any fact, there is always a chance of finding an adverse result in future.  Need to balance low risk of birth defect with risk of having COVID while pregnant. ","Every product has protection against legal action, even McDonalds has indemnities. It would be naive to think otherwise.  ","Are they only testing on children?  What lead up studies have been done to get approval for testing on children?  They are not testing experimental medicine on children first.","mrna vaccines are not in their infancy, this tech has been used for many years.  The intention of the trial is to study some long term effects and ongoing monitoring. ","This is just not based on fact, and there are risks with everything we do everyday and you need to balance the different risk you are willing to accept.  These drugs have been through rigorous testing and the long term affects of most drugs cannot be known without long term data. ","How is this a sin?  It is not an immoral action to enhance public safety.  This is unhelpful.","Are the catholic church leaders medical experts?  I would defer to expertise of medical and scientific experts before I follow lead of religious experts commenting outside their area of knowledge. ","I thought it was really interesting.  I find it hard to look for sources to reference counter-arguments as these types of issues are very controversial."