tweets,predictions,references
"<|user|>
Generate Counter Argument for the anti-vaccine tweet:
 Tweet: Keep seeing covid vaccine ads im straight ion trust it üò≠ üò©
 Talk About  ##Output:<|end|>
<|assistant|>
It's important to remember that vaccines undergo rigorous testing and approval processes before being distributed to the public. Trusting in the science behind the vaccine can help protect not only yourself, but also those around you.<|end|>
<|endoftext|>","It's important to remember that just because something is advertised heavily doesn't necessarily mean we should automatically believe in its effectiveness. Vaccines go through rigorous testing and research before being approved, so blindly accepting them without doing proper factual analysis could be dangerous. Trusting a product solely based on marketing tactics can lead us down an unhealthy path of misinformation. Always seek out reliable sources when making decisions about healthcare products like COVID vacc","It's important to remember that vaccines undergo rigorous testing and approval processes before being distributed to the public. Trusting in the science behind the vaccine can help protect not only yourself, but also those around you."
"<|user|>
Generate Counter Argument for the anti-vaccine tweet:
 Tweet: Is there a legal loophole to avoid the covid 19 vaccine ? Asking for a friend .
 Talk About  ##Output:<|end|>
<|assistant|>
While there may be some exemptions for medical or religious reasons, it is important to consider the greater good of public health. Avoiding the vaccine could put not only yourself at risk, but also those around you. It is important to follow public health guidelines and do your part to help stop the spread of COVID-19.<|end|>
<|endoftext|>","No, it is not ethical or responsible to intentionally seek out ways around getting immunized against COVID-19. Vaccination helps protect individuals and communities from severe illness and death caused by this virus. By refusing necessary protection measures like wearing masks or practicing social distancing in addition to being unvaccinated could put others at risk as well including those who are unable to receive the shot due to medical reasons. It's important that everyone does their","While there may be some exemptions for medical or religious reasons, it is important to consider the greater good of public health. Avoiding the vaccine could put not only yourself at risk, but also those around you. It is important to follow public health guidelines and do your part to help stop the spread of COVID-19."
"<|user|>
Generate Counter Argument for the anti-vaccine tweet:
 Tweet: The frontrunner #COVID19 vaccine developer is giving the world plenty of reasons to distrust their claims . @AstraZeneca thinks 50 % efficacy in a pool of 75 is enough . "" AstraZeneca , Under Fire for Vaccine Safety , Releases Trial Blueprints "" https://t.co/Fh6fHwkdYn via @GoogleNews
 Talk About evidence and reasons that support the effectiveness of vaccines ##Output:<|end|>
<|assistant|>
It is important to remember that the AstraZeneca vaccine still provides significant protection against COVID-19, and any vaccine with even 50% efficacy can make a major impact in reducing the spread of the virus and saving lives. It is also essential to have multiple vaccine options in order to reach as many people as possible and achieve herd immunity.<|end|>
<|endoftext|>","While it's important to critically analyze any new information, we should also consider historical successes with other COVID-19 related research such as mRNA technology used by Pfizer & Moderna which have shown high levels of protection against variants like Delta or Omicron after receiving full approval from regulatory agencies around the globe. It may be worth waiting until more data becomes available before dismissing potential solutions based on initial trial results alone. Additionally, trustworthiness can","It is important to remember that the AstraZeneca vaccine still provides significant protection against COVID-19, and any vaccine with even 50% efficacy can make a major impact in reducing the spread of the virus and saving lives. It is also essential to have multiple vaccine options in order to reach as many people as possible and achieve herd immunity."
"<|user|>
Generate Counter Argument for the anti-vaccine tweet:
 Tweet: Pfizer will roll out a miracle Covi vaccine . You all know this pill company . Like most #Illuminati owned biz WW1 + WW2 gave them massive profit . They went onto make lots pills especially those to treat ‚Äú bad ‚Äù cholesterol the Quacks always eager to sign mugs up to also #Viagra
 Talk About the role of pharmaceutical companies and concerns about profit motives ##Output:<|end|>
<|assistant|>
While Pfizer may have made profits from their products in the past, it is important to focus on the potential benefits of the Covid vaccine they are developing. The efficacy of the vaccine should be the main priority, rather than focusing on conspiracy theories or past actions of the company.<|end|>
<|endoftext|>","While it is true that some corporations may have made profits during World Wars I & II, attributing their success solely to being part of an ""illuminati"" scheme overlooks other factors such as innovation, research capabilities, distribution networks, market demand etc. It's important not to dismiss scientific advancements based on conspiratorial beliefs without evidence supporting these claims. Additionally, labeling entire industries or products with negative connotations like ""#Quack","While Pfizer may have made profits from their products in the past, it is important to focus on the potential benefits of the Covid vaccine they are developing. The efficacy of the vaccine should be the main priority, rather than focusing on conspiracy theories or past actions of the company."
"<|user|>
Generate Counter Argument for the anti-vaccine tweet:
 Tweet: The last vaccine I got before I lived in Brasil was for yellow fever and 6 months later I got eczema on my legs my face my chest , the skin was bleeding , I was red all the time .
 Talk About potential side effects and adverse reactions associated with vaccines ##Output:<|end|>
<|assistant|>
It is unlikely that the yellow fever vaccine caused the eczema, as eczema is a common skin condition that can be triggered by a variety of factors such as stress, allergies, and genetics. It is important to consult with a healthcare professional to determine the true cause of the eczema.<|end|>
<|endoftext|>","While it's unfortunate that you experienced these symptoms after receiving a previous dose of medicine, correlation does not necessarily imply causation. It is possible to experience similar health issues due to other factors such as genetic predisposition or environmental triggers rather than solely from taking medications like shots/injections (like Yellow Fever). Additionally, seeking medical advice can help determine if there are any underlying conditions contributing to your current condition beyond just getting sick following an injection","It is unlikely that the yellow fever vaccine caused the eczema, as eczema is a common skin condition that can be triggered by a variety of factors such as stress, allergies, and genetics. It is important to consult with a healthcare professional to determine the true cause of the eczema."
"<|user|>
Generate Counter Argument for the anti-vaccine tweet:
 Tweet: @GeLeHesjesNL Bill Gates Confronted About Widespread Vaccine Side Effects Vaccine oligarch Bill expressed apathy in a CBS interview about the fact that his Moderna Covid vaccine , which NIH has a financial stake in , is testing horribly in vaccine trials . https://t.co/7ObcWkklT2
 Talk About potential side effects and adverse reactions associated with vaccines ##Output:<|end|>
<|assistant|>
It is important to consider the source of this information and whether it is based on credible sources. Bill Gates has been a strong advocate for global health and has dedicated a significant amount of resources to vaccination efforts. It is unlikely that he would be apathetic towards widespread vaccine side effects. Further investigation and fact-checking may be necessary before jumping to conclusions.<|end|>
<|endoftext|>","While it's important to hold individuals accountable, particularly those who are influential figures like Bill Gates, we must also consider all perspectives when discussing complex issues such as public health crises like COVID-19. It would be irresponsible not to acknowledge any concerns or criticisms raised by experts outside of government agencies regarding their own research findings on potentially harmful outcomes from certain treatments or interventions being tested during this pandemic response efforts",It is important to consider the source of this information and whether it is based on credible sources. Bill Gates has been a strong advocate for global health and has dedicated a significant amount of resources to vaccination efforts. It is unlikely that he would be apathetic towards widespread vaccine side effects. Further investigation and fact-checking may be necessary before jumping to conclusions.
"<|user|>
Generate Counter Argument for the anti-vaccine tweet:
 Tweet: @FraserNelson @sarahrutherfor2 I am having a huge problem with this vaccine ID talk , the vaccine does not stop you getting nor transmitting the virus , however having the vaccine can cause huge complications in some , inc infertility , yet everyone is keen to continue down the route of experimental vaccinations
 Talk About evidence and reasons that support the effectiveness of vaccines and claims that vaccines were approved or developed without sufficient testing and potential side effects and adverse reactions associated with vaccines ##Output:<|end|>
<|assistant|>
While it is true that the vaccine may not completely stop transmission of the virus, it has been shown to significantly reduce the severity of illness and hospitalization. Additionally, the potential side effects, such as infertility, are extremely rare and the benefits of widespread vaccination far outweigh the risks. It is important to trust in the expertise of medical professionals and scientists who have extensively studied and developed these vaccines.<|end|>
<|endoftext|>","While it's true that no COVID-19 vaccine has been proven 100% effective at preventing transmission, they have shown significant efficacy in reducing severe illnesses and hospitalizations. Additionally, any reported cases of fertility issues are extremely rare compared to other common medical procedures such as surgery or chemotherapy which also carry risks but may be more widely accepted due to their necessity during treatment processes like cancer therapies. The benefits of widesp","While it is true that the vaccine may not completely stop transmission of the virus, it has been shown to significantly reduce the severity of illness and hospitalization. Additionally, the potential side effects, such as infertility, are extremely rare and the benefits of widespread vaccination far outweigh the risks. It is important to trust in the expertise of medical professionals and scientists who have extensively studied and developed these vaccines."
"<|user|>
Generate Counter Argument for the anti-vaccine tweet:
 Tweet: @WWakeUpTime @benchappers83 @NoGreatReset @RealDeniseWelch These chumps think things change after the vaccine ü§£ ü§£ ü§£
 Talk About evidence and reasons that support the effectiveness of vaccines ##Output:<|end|>
<|assistant|>
Actually, vaccines have historically played a significant role in reducing or eliminating the spread of diseases and improving public health. It is ignorant to dismiss the potential positive impacts of widespread vaccination.<|end|>
<|endoftext|>","Actually, many people who are hesitant to get a COVID shot may not be fully aware of its benefits or misinformation surrounding it. Getting educated on how effective they can protect themselves from getting sick could potentially help them make more informed decisions about their healthcare choices in general. It's important to consider all perspectives before dismissing others as ""chumps"" without understanding why someone might have reservations towards receiving certain medical interventions like shots/pills etceter","Actually, vaccines have historically played a significant role in reducing or eliminating the spread of diseases and improving public health. It is ignorant to dismiss the potential positive impacts of widespread vaccination."
"<|user|>
Generate Counter Argument for the anti-vaccine tweet:
 Tweet: @Filosofizer I think the levy is about to break . Folk being told wait for the vaccine to then be told the vaccine doesn't change owt . Then when the vaccine seems to be doing what vaccines do , boom variants , still better stay home . While we watch 50k at a stadium in India .
 Talk About evidence and reasons that support the effectiveness of vaccines ##Output:<|end|>
<|assistant|>
While it is frustrating that the situation with COVID-19 seems to be constantly changing, it is important to remember that vaccines are not a cure-all and it takes time for their effectiveness to be fully understood. Additionally, just because there are inconsistencies and challenges with vaccination efforts in one country, such as India, does not mean that individuals in other countries should stop following public health guidelines and precautions. It is crucial to continue to prioritize safety and follow recommendations from experts to prevent further spread of the virus.<|end|>
<|endoftext|>","It may seem like waiting around before getting fully protected by the COVID19 Vax isn‚Äôt worth it, but keeping up with precautions such as masking can help prevent further spread until herd immunity has been reached. Additionally, attending large gatherings could potentially contribute more quickly than individual actions towards reaching widespread protection against this virus.","While it is frustrating that the situation with COVID-19 seems to be constantly changing, it is important to remember that vaccines are not a cure-all and it takes time for their effectiveness to be fully understood. Additionally, just because there are inconsistencies and challenges with vaccination efforts in one country, such as India, does not mean that individuals in other countries should stop following public health guidelines and precautions. It is crucial to continue to prioritize safety and follow recommendations from experts to prevent further spread of the virus."
"<|user|>
Generate Counter Argument for the anti-vaccine tweet:
 Tweet: @tina_porkskins @OregonGovBrown When you say after someone is vaccinated you are not slowing things down do you really believe that ? The vaccine has 95 % efficacy and shows 60 % decrease in transmission . Decreases risk exponentially . People can decide their own risk tolerance and tradeoffs at that point .
 Talk About evidence and reasons that support the effectiveness of vaccines ##Output:<|end|>
<|assistant|>
While the vaccine may have a high efficacy and some decrease in transmission, it is still important to continue following public health guidelines and precautionary measures. Just because someone is vaccinated does not mean they are completely immune or unable to spread the virus. It is important to consider the health and safety of others in addition to personal risk tolerance.<|end|>
<|endoftext|>","While it may be true that getting fully immunized reduces your personal risks, there will still always remain a small percentage who could contract or spread COVID. By continuously wearing masks, practicing social distancing measures, etc., everyone plays an important role to help prevent further outbreaks before herd immunity kicks in completely through widespread distribution/uptake rates which might take months if ever achieved by natural means alone without coercive mandates from government","While the vaccine may have a high efficacy and some decrease in transmission, it is still important to continue following public health guidelines and precautionary measures. Just because someone is vaccinated does not mean they are completely immune or unable to spread the virus. It is important to consider the health and safety of others in addition to personal risk tolerance."
"<|user|>
Generate Counter Argument for the anti-vaccine tweet:
 Tweet: @danwootton @axios It's ok talking about the vaccine but those who have it will be the one's who are testing it , what happens if those who have the vaccine and die because they caught and spread Covid , you can't sue the company as the government has given them a free pass nor can you sue the 1 / 2
 Talk About claims that vaccines were approved or developed without sufficient testing ##Output:<|end|>
<|assistant|>
Counter argument: While there may be risks associated with taking the vaccine, it is important to consider the potential benefits of reducing the spread of Covid-19 and ultimately saving lives. The vaccine has gone through rigorous testing and approval processes to ensure its safety and effectiveness. Additionally, holding companies accountable for any negative side effects could deter them from developing life-saving vaccines in the future.<|end|>
<|endoftext|>","While there may not currently exist legal recourse against companies producing successful COVID-19 vaccines, this does raise important ethical considerations. The responsibility to ensure public safety should extend beyond just compliance with regulations - individuals must take accountability for their actions in order to prevent harmful consequences such as widespread transmission of infectious diseases like coronavirus (Covid). Ultimately holding pharmaceutical corporations responsible could help prioritize patient","Counter argument: While there may be risks associated with taking the vaccine, it is important to consider the potential benefits of reducing the spread of Covid-19 and ultimately saving lives. The vaccine has gone through rigorous testing and approval processes to ensure its safety and effectiveness. Additionally, holding companies accountable for any negative side effects could deter them from developing life-saving vaccines in the future."
"<|user|>
Generate Counter Argument for the anti-vaccine tweet:
 Tweet: @BergyBadger @MollyBeck If 47 % of the population wont get the vaccine , maybe dont blame it on the people not getting it , and learn about why we arent getting it , it's not the people's fault for a closed society , it's the governments fault https://t.co/o3FEudTAG1
 Talk About  ##Output:<|end|>
<|assistant|>
While it is important to understand the reasons why some individuals may be hesitant to get the vaccine, ultimately individual choice plays a role in public health outcomes. Blaming the government for individuals choosing not to get vaccinated overlooks personal responsibility and the impact of misinformation or personal beliefs on vaccination rates.<|end|>
<|endoftext|>","While government policies may play a role in access to healthcare, ultimately individuals have agency over their own choices when deciding whether or not to receive medical treatments such as COVID -19 shots. Blaming solely political systems ignores personal responsibility that should be taken into consideration during this global pandemic crisis. It is important for both individual decision making processes AND systemic issues related with distribution & availability which contribute towards low uptake rates need addressing simultaneously by all parties involved","While it is important to understand the reasons why some individuals may be hesitant to get the vaccine, ultimately individual choice plays a role in public health outcomes. Blaming the government for individuals choosing not to get vaccinated overlooks personal responsibility and the impact of misinformation or personal beliefs on vaccination rates."
"<|user|>
Generate Counter Argument for the anti-vaccine tweet:
 Tweet: @ibdxqueenstown @ajthompson13 I believe the Oxford vaccine is the only one that is made like traditional vaccines , and not one of mRNA vaccines ( ? ? ) which haven't been tested enough , let's face it , as important as their roll out might be . I won't be rushing to take a mRNZ vac : I just won't travel , etc .
 Talk About concerns about the ingredients and chemical components in vaccines and claims that vaccines were approved or developed without sufficient testing ##Output:<|end|>
<|assistant|>
While it is true that the Oxford vaccine uses more traditional technology, mRNA vaccines have actually undergone rigorous testing and have been shown to be safe and effective in clinical trials. It is important to base vaccination decisions on scientific evidence rather than personal fears or preferences. By choosing not to get vaccinated, you are not only putting yourself at risk, but also potentially spreading the virus to others and hindering efforts to control the pandemic.<|end|>
<|endoftext|>","While there are different types of COVID-19 vaccines, including those using messenger RNA technology such as Pfizer/BioNTech and Moderna. These have undergone rigorous clinical trials demonstrating safety and efficacy against severe disease caused by SARS CoV2 virus before receiving regulatory approval from health authorities around worldwide; therefore they should also deserve our trust rather than hesitation based on misinformation regarding untested products with no","While it is true that the Oxford vaccine uses more traditional technology, mRNA vaccines have actually undergone rigorous testing and have been shown to be safe and effective in clinical trials. It is important to base vaccination decisions on scientific evidence rather than personal fears or preferences. By choosing not to get vaccinated, you are not only putting yourself at risk, but also potentially spreading the virus to others and hindering efforts to control the pandemic."
"<|user|>
Generate Counter Argument for the anti-vaccine tweet:
 Tweet: @thecarolemalone @JohnRealSmith For anyone not realizing that the ' Corona crisis ' was planned years in advance - & is a tool to destroy Western economies , install Police State regimes , & inject everyone with a poison ' vaccine ' - try reading this : https://t.co/TcnB2Pc8G0
 Talk About conspiracy theories suggesting hidden motives behind vaccination efforts and concerns about the ingredients and chemical components in vaccines ##Output:<|end|>
<|assistant|>
This tweet promotes a dangerous conspiracy theory with no evidence to support it. The idea that the COVID-19 pandemic was intentionally planned to destroy Western economies and implement police states is not only unfounded but also harmful misinformation. It is important to rely on credible sources and scientific evidence when discussing public health crises.<|end|>
<|endoftext|>","While it's important to question official narratives, there isn't enough evidence or credible sources supporting such extreme claims of intentional planning by governments around COVID 19 as an economic weapon against their own citizens through forced medical interventions like mandatory masking rules on airplanes are just one example among many other public health measures implemented worldwide during pandemics throughout history without any alleged ulterior agendas being revealed afterward (e.g., Spanish Fl",This tweet promotes a dangerous conspiracy theory with no evidence to support it. The idea that the COVID-19 pandemic was intentionally planned to destroy Western economies and implement police states is not only unfounded but also harmful misinformation. It is important to rely on credible sources and scientific evidence when discussing public health crises.
"<|user|>
Generate Counter Argument for the anti-vaccine tweet:
 Tweet: @WarRoomPandemic The Chinese Wuhan Virus Conundrum ... CV - 19 survivors have anti - body's that will not protect them in the future . A CV - 19 Vaccine will produce anti - body's that will protect them in the future . This is sounding like a Democrat version of ' Chinese Three Card Monte ' - - - Just Say'n ...
 Talk About national biases and objections to vaccines produced by specific countries ##Output:<|end|>
<|assistant|>
It is inaccurate and irresponsible to label a potential vaccine as a Democrat conspiracy based on unfounded claims. The development of a vaccine is based on scientific research and testing, not political affiliations. Suggesting otherwise only fuels misinformation and undermines the efforts of healthcare professionals working to combat the virus.<|end|>
<|endoftext|>","Actually, developing an effective COVID-19 (CV) or any other virus requires extensive research into understanding how it spreads, its impact on different populations, as well as testing various treatments. It cannot be reduced simply to political agendas such as those suggested with ""Chinese three card monte."" Public health decisions should always prioritize scientific evidence over politics when addressing global pandemics.","It is inaccurate and irresponsible to label a potential vaccine as a Democrat conspiracy based on unfounded claims. The development of a vaccine is based on scientific research and testing, not political affiliations. Suggesting otherwise only fuels misinformation and undermines the efforts of healthcare professionals working to combat the virus."
"<|user|>
Generate Counter Argument for the anti-vaccine tweet:
 Tweet: A health worker in Alaska had a serious allergic reaction after getting Pfizer ‚Äô s coronavirus vaccine . It ‚Äô s unclear whether the person had a history of severe allergies and whether the case has broader safety implications . The person is in stable condition . https://t.co/7m9Uksb2xa
 Talk About potential side effects and adverse reactions associated with vaccines ##Output:<|end|>
<|assistant|>
While it is concerning that a health worker in Alaska had a serious allergic reaction to the Pfizer vaccine, it is important to remember that allergic reactions to vaccines are extremely rare. The benefits of the vaccine, which can protect individuals from a potentially deadly virus, far outweigh the risks of a reaction. It is crucial to continue monitoring and investigating any potential safety implications, but this isolated incident should not deter people from getting vaccinated.<|end|>
<|endoftext|>","While this incident may be concerning, it's important to remember that rare cases like these can occur even without prior knowledge or warning signs presenting themselves beforehand. Additionally, extensive testing on thousands upon millions have shown overall high levels of efficacy from COVID-19 mRNA shots such as those produced by pharmaceutical companies including Pfizer (and Moderna). This should not overshadow their importance when combating against variants which continue spread rapidly across nations worldwide today","While it is concerning that a health worker in Alaska had a serious allergic reaction to the Pfizer vaccine, it is important to remember that allergic reactions to vaccines are extremely rare. The benefits of the vaccine, which can protect individuals from a potentially deadly virus, far outweigh the risks of a reaction. It is crucial to continue monitoring and investigating any potential safety implications, but this isolated incident should not deter people from getting vaccinated."
"<|user|>
Generate Counter Argument for the anti-vaccine tweet:
 Tweet: üî¥ GREECE - "" My son had himself vaccinated PFIZER to open a cybercafe and he is dead . "" A father is devastated after he forced his 35 - year - old son to take the injection . https://t.co/R7fB0J8e7B
 Talk About the debate over personal choice versus mandates in vaccination policies and potential side effects and adverse reactions associated with vaccines ##Output:<|end|>
<|assistant|>
It is tragic that this father lost his son after getting vaccinated, but it is important to remember that the overwhelming majority of people who receive the Pfizer vaccine do not experience severe side effects. The benefits of vaccination in protecting against COVID-19 far outweigh the risks, and incidents like this are extremely rare. It is crucial to trust in the scientific consensus and data supporting the safety and efficacy of these vaccines.<|end|>
<|endoftext|>","While it's tragic that this family has experienced such loss, correlation does not equal causation. Just because their child died shortly after receiving an FDA approved COVID19 VACCINE doesn‚Äôt mean there was any direct link between being injected or opening up new businesses during pandemic times as reasons of death by natural causes could be other factors involved too like underlying health issues etc.. It would require extensive investigation from medical professionals before jumping into conclusions about cause &","It is tragic that this father lost his son after getting vaccinated, but it is important to remember that the overwhelming majority of people who receive the Pfizer vaccine do not experience severe side effects. The benefits of vaccination in protecting against COVID-19 far outweigh the risks, and incidents like this are extremely rare. It is crucial to trust in the scientific consensus and data supporting the safety and efficacy of these vaccines."
"<|user|>
Generate Counter Argument for the anti-vaccine tweet:
 Tweet: @LoRochelle True but I am still very concerned about potential side effects , I have to decide does covid present more of a risk to my long term health or a vaccine , atm i feel a vaccine does
 Talk About potential side effects and adverse reactions associated with vaccines ##Output:<|end|>
<|assistant|>
It's important to consider the fact that the long-term effects of COVID-19 are still largely unknown, and the risks of contracting the virus could potentially be more harmful than any potential side effects of the vaccine.<|end|>
<|endoftext|>","While it is understandable that you are worried about possible side effects from getting the COVID-19 vaccine, research has shown overwhelmingly positive results in terms of safety. The benefits of protecting yourself against severe illness and death far outweigh any minimal risks posed by receiving immunization. It's important to consider expert advice on public health measures as well when making your decision. Ultimately, prioritizing personal protection should be weighed alongside","It's important to consider the fact that the long-term effects of COVID-19 are still largely unknown, and the risks of contracting the virus could potentially be more harmful than any potential side effects of the vaccine."
"<|user|>
Generate Counter Argument for the anti-vaccine tweet:
 Tweet: you didn ‚Äô t mention that now 1 out of 5 healthy children all of a sudden having neurological issues after getting the vaccines ! you didn ‚Äô t mention how people getting the flu vaccine get the flu and you didn ‚Äô t mention how my sister in law who had the shingles vaccine got shingles
 Talk About potential side effects and adverse reactions associated with vaccines ##Output:<|end|>
<|assistant|>
While there may be cases of adverse reactions to vaccines, the vast majority of people who receive vaccines do not experience any negative effects. The benefits of vaccinations far outweigh the risks, as they help protect individuals and communities from serious and potentially deadly diseases. It is important to consider the overall public health impact of vaccines, rather than focusing solely on isolated incidents of adverse reactions.<|end|>
<|endoftext|>","While it is true that there have been rare cases where individuals experienced negative symptoms following certain immunizations, overall these incidents are extremely uncommon. The benefits of receiving recommended vaccinations far outweigh any minimal risks involved as they protect against potentially serious illnesses such as measles or influenza which can lead to severe complications if left untreated. It's important not to overlook this fact when discussions about public safety arise surrounding medication efficacy","While there may be cases of adverse reactions to vaccines, the vast majority of people who receive vaccines do not experience any negative effects. The benefits of vaccinations far outweigh the risks, as they help protect individuals and communities from serious and potentially deadly diseases. It is important to consider the overall public health impact of vaccines, rather than focusing solely on isolated incidents of adverse reactions."
"<|user|>
Generate Counter Argument for the anti-vaccine tweet:
 Tweet: @Sewn_apart Same piece said 25 % remain at risk of death because of the efficiency rate and % of people who will get the vaccine . Which is true , I guess but following that logic everyone is at risk of dying in a car crash or getting cancer .
 Talk About potential side effects and adverse reactions associated with vaccines ##Output:<|end|>
<|assistant|>
While it is true that everyone is at risk of dying in a car crash or getting cancer, those are risks that individuals have some control over through measures such as wearing a seatbelt or maintaining a healthy lifestyle. The risk of death from a vaccine-preventable disease can be significantly reduced by getting vaccinated, making it a more preventable and controllable risk compared to car accidents or cancer.<|end|>
<|endoftext|>","While it's important to acknowledge any risks involved, comparing widespread public health issues like COVID-19 transmission rates versus individual accidents such as driving crashes does not provide an accurate comparison. The pandemic has affected millions globally while most individuals do experience their fair share if tragedies occur on roads every day without significant consequences being felt by society overall. It also ignores measures put into place specifically addressing these unique challenges posed during this time period (such","While it is true that everyone is at risk of dying in a car crash or getting cancer, those are risks that individuals have some control over through measures such as wearing a seatbelt or maintaining a healthy lifestyle. The risk of death from a vaccine-preventable disease can be significantly reduced by getting vaccinated, making it a more preventable and controllable risk compared to car accidents or cancer."
"<|user|>
Generate Counter Argument for the anti-vaccine tweet:
 Tweet: #china #sinovac is a failed vaccine with less than 50 % efficacy every country in #asia has rejected their #CoronaVaccine while #COVIDSHIELD has secured a 72 country order deal $ AZN #india https://t.co/VAPbZ64DJi
 Talk About evidence and reasons that support the effectiveness of vaccines ##Output:<|end|>
<|assistant|>
While Sinovac may have lower efficacy rates compared to other vaccines, it is still approved by several countries and provides some level of protection against COVID-19. Additionally, efficacy rates can vary depending on factors like age and underlying health conditions, so it is important to consider the overall benefits and risks of each vaccine option.<|end|>
<|endoftext|>","While it's true that Sinovac may have lower reported efficacies compared to some other COVID-19 vaccines, we must consider factors such as accessibility, affordability, distribution logistics, storage requirements (such as cold chain), cultural acceptance among different populations within Asia countries who might not trust Western pharmaceutical companies due to historical issues or government endorsements by local health authorities could make CoronavirAd more appealing despite its higher cost per","While Sinovac may have lower efficacy rates compared to other vaccines, it is still approved by several countries and provides some level of protection against COVID-19. Additionally, efficacy rates can vary depending on factors like age and underlying health conditions, so it is important to consider the overall benefits and risks of each vaccine option."
"<|user|>
Generate Counter Argument for the anti-vaccine tweet:
 Tweet: @BBCr4today @AstraZeneca Getting on market needs years of testing . There is no way to proof that the vaccine is safe if done for months . We can accelerate technology but can't change biology !
 Talk About claims that vaccines were approved or developed without sufficient testing and potential side effects and adverse reactions associated with vaccines ##Output:<|end|>
<|assistant|>
While it is true that thorough testing is important for ensuring the safety of a vaccine, the urgency of the current global pandemic necessitates expedited processes. The FDA and other regulatory bodies have established strict protocols for emergency use authorization, allowing for a vaccine to be deemed safe and effective even if it has not undergone years of testing. Additionally, advancements in technology and research have enabled scientists to monitor vaccine safety and efficacy more efficiently than ever before. Ultimately, the risk of not having a vaccine far outweighs the potential risks associated with expediting the approval process.<|end|>
<|endoftext|>","While it may be true that traditional methods take longer, scientists have been able to speed up clinical trials through various measures such as parallel group design. Additionally, regulatory bodies like FDA still require rigorous safety protocols before approving a new drug regardless of how quickly development occurs. Accelerating innovation does not mean sacrificing thoroughness in ensuring product quality and efficacy.","While it is true that thorough testing is important for ensuring the safety of a vaccine, the urgency of the current global pandemic necessitates expedited processes. The FDA and other regulatory bodies have established strict protocols for emergency use authorization, allowing for a vaccine to be deemed safe and effective even if it has not undergone years of testing. Additionally, advancements in technology and research have enabled scientists to monitor vaccine safety and efficacy more efficiently than ever before. Ultimately, the risk of not having a vaccine far outweighs the potential risks associated with expediting the approval process."
"<|user|>
Generate Counter Argument for the anti-vaccine tweet:
 Tweet: News Dude : Moderna President says their vaccine covers the COVID - 1984 variants Moderna's Asshat President : People will be able to get a booster shot Narrator [ me , the narrator is me ] : So that was a lie https://t.co/1MRlt6Xfk2
 Talk About evidence and reasons that support the effectiveness of vaccines ##Output:<|end|>
<|assistant|>
Counter argument: It is unfair to call the Moderna president an ""asshat"" just because a booster shot may be necessary to combat new variants. Vaccines often need to be adjusted to address changing virus strains, and it is responsible for companies to be proactive in researching and providing solutions.<|end|>
<|endoftext|>","While it may seem like an obvious exaggeration, claiming something as dangerous or deadly without providing concrete proof can lead people down unnecessary rabbit holes in conspiracy theories about healthcare companies with ulterior motives behind certain actions related to pandemics such as this one involving Covid virus variations (Covid variant). It would also not help those who are seeking accurate information on how best protect themselves against these new strains by following guidelines from trusted medical professionals","Counter argument: It is unfair to call the Moderna president an ""asshat"" just because a booster shot may be necessary to combat new variants. Vaccines often need to be adjusted to address changing virus strains, and it is responsible for companies to be proactive in researching and providing solutions."
"<|user|>
Generate Counter Argument for the anti-vaccine tweet:
 Tweet: @YahooFinance @oni_blackstock I ‚Äô m going to be the last man on Earth besides a few hundred deformed nocturnal people ! #OmegaMan #vaccine #danger https://t.co/o1fBDYDkkV
 Talk About potential side effects and adverse reactions associated with vaccines ##Output:<|end|>
<|assistant|>
While the tweet raises concerns about potential dangers of vaccines, it is important to consider the overwhelming scientific consensus that vaccines are safe and effective at preventing the spread of diseases. Fear-mongering about vaccines only serves to perpetuate misinformation and put public health at risk.<|end|>
<|endoftext|>","This is an unfair generalization that perpetuates harmful stereotypes about those who choose not to get vaccinated against COVID-19, such as suggesting they are ""deformed"" or dangerous individuals at nighttime gatherings alone in their homes (presumably). It's important to respect differing viewpoints while also promoting public health measures like getting immunized during this pandemic. Vaccination does save lives - it helps protect yourself from serious ill","While the tweet raises concerns about potential dangers of vaccines, it is important to consider the overwhelming scientific consensus that vaccines are safe and effective at preventing the spread of diseases. Fear-mongering about vaccines only serves to perpetuate misinformation and put public health at risk."
"<|user|>
Generate Counter Argument for the anti-vaccine tweet:
 Tweet: @FanaTeresafana Ever notice that if someone dies after getting Covid - 19 , it is always recorded that they died * because * of Covid - 19 , but if someone dies after getting the vaccine , it's always stated that there is no connection ?
 Talk About potential side effects and adverse reactions associated with vaccines ##Output:<|end|>
<|assistant|>
Just because two things happen around the same time does not mean they are causally linked. It is important to rely on scientific evidence and data when making assumptions about the relationship between Covid-19 and vaccinations.<|end|>
<|endoftext|>","It could be due to differences in reporting standards or investigations into causes of death. Just like any other medical procedure, complications can arise from receiving a COVID-19 shot as well. The lack of clear causation does not mean correlation should automatically dismiss possible links between VAERS reports (Vaccination Adverse Event Reporting System) data on reported cases following immunization compared those who did get sick without being infected by SARS CoV2 virus during pandemic period",Just because two things happen around the same time does not mean they are causally linked. It is important to rely on scientific evidence and data when making assumptions about the relationship between Covid-19 and vaccinations.
"<|user|>
Generate Counter Argument for the anti-vaccine tweet:
 Tweet: @aubrey_huff Based on your tweet , I must conclude that Donald John Trump is an agent of the Beast because he is actively promoting the vaccine .
 Talk About the political factors that affect perceptions of vaccine use ##Output:<|end|>
<|assistant|>
It is illogical to equate promoting the vaccine with being an agent of the Beast. Promoting public health and safety should not be demonized or politicized.<|end|>
<|endoftext|>","Justifying Presidential actions or policies as being part of a ""Beast"" agenda without evidence can be harmful and spread misinformation. It's important to critically analyze all perspectives before making assumptions about someone based solely on their stance on certain issues like public health measures such as masking requirements during COVID 19 pandemic, not just focusing only one issue they may support in order avoid further polarization within society. A more productive approach would involve discuss",It is illogical to equate promoting the vaccine with being an agent of the Beast. Promoting public health and safety should not be demonized or politicized.
"<|user|>
Generate Counter Argument for the anti-vaccine tweet:
 Tweet: @bazakel @ScottMorrisonMP Fuck off . Do you know what ‚Äô s in vaccines . For a start cell cultures from Aborted baby cells . The Oxford vaccines that Morrison is pushing is made from a virus that is found in chimpanzees . A lot of the vaccines change a persons DNA so the ingredients can get into your T Cells
 Talk About concerns about the ingredients and chemical components in vaccines ##Output:<|end|>
<|assistant|>
Actually, vaccines do not contain aborted baby cells. The use of cell cultures in vaccine production is a common and safe practice that has been approved by regulatory bodies. Additionally, vaccines do not change a person's DNA as they work by stimulating the immune system to create antibodies. It is important to fact-check before spreading misinformation about vaccines.<|end|>
<|endoftext|>","Actually, it's important to note that all approved COVID-19 vaccines undergo rigorous testing by regulatory agencies before being authorized. These tests are designed specifically to ensure safety and efficacy without any harmful side effects on human health or genetic makeup. It's essential not to spread misinformation during such crucial times when public trust needs reinforcement rather than division caused by unfounded claims like these ones do no more damage as they would create unnecessary","Actually, vaccines do not contain aborted baby cells. The use of cell cultures in vaccine production is a common and safe practice that has been approved by regulatory bodies. Additionally, vaccines do not change a person's DNA as they work by stimulating the immune system to create antibodies. It is important to fact-check before spreading misinformation about vaccines."
"<|user|>
Generate Counter Argument for the anti-vaccine tweet:
 Tweet: @HHSGov @NIH @NIAIDNews @KizzyPhD @NIHDirector Oh ah oh , miraculous "" moderna "" vaccine ? So at the end is rather a NIH vaccine right ?
 Talk About  ##Output:<|end|>
<|assistant|>
Actually, Moderna is a biotechnology company that developed the vaccine with funding from the NIH and NIAID. It is a collaborative effort between private industry and government agencies.<|end|>
<|endoftext|>","Just because it was developed by researchers from various agencies, including those mentioned in your message (such as HHS and CDC), does not automatically make all COVID-19 treatments or preventions created solely within their purview. Virtually every medical breakthrough involves contributions from multiple experts across different fields of science to ensure efficacy and safety before reaching public distribution. The mRNA technology used with Moderna's shot has been around long enough that many scientists","Actually, Moderna is a biotechnology company that developed the vaccine with funding from the NIH and NIAID. It is a collaborative effort between private industry and government agencies."
"<|user|>
Generate Counter Argument for the anti-vaccine tweet:
 Tweet: Federal govt has shut down public system that tracks vaccine injury and death . Too much data on there already , need to hide that from public because ppl might not want to be part of list of dead ?
 Talk About potential side effects and adverse reactions associated with vaccines ##Output:<|end|>
<|assistant|>
Just because the federal government has shut down a system tracking vaccine injury and death does not necessarily mean they are hiding information or trying to discourage people from getting vaccinated. It could be for a variety of reasons such as updating the system or transferring data to a more efficient platform. It is important to consider all possibilities before jumping to conclusions.<|end|>
<|endoftext|>","It is important to have transparency in tracking any injuries or fatalities related to a government program like administering COVID19 shots. By hiding this information, it could potentially lead people living near undiagnosed cases which may result into more harmful outcomes later if left unchecked by medical professionals/experts who can properly identify these incidents as soon possible so they are treated immediately before causing further damage /injury etc.. Having access allows researchers",Just because the federal government has shut down a system tracking vaccine injury and death does not necessarily mean they are hiding information or trying to discourage people from getting vaccinated. It could be for a variety of reasons such as updating the system or transferring data to a more efficient platform. It is important to consider all possibilities before jumping to conclusions.
"<|user|>
Generate Counter Argument for the anti-vaccine tweet:
 Tweet: Brazil health authority : COVID vaccine trial volunteer has died https://t.co/8QfEsWeKJS DIED FROM the vaccine developed by AstraZeneca and Oxford U . but testing to continue . @DrOz @va_shiva @drdavidsamadi @MSF_USA @picphysicians @HHSRegion2 #firefauci
 Talk About potential side effects and adverse reactions associated with vaccines ##Output:<|end|>
<|assistant|>
While it is unfortunate that a volunteer in the COVID vaccine trial has died, it is important to remember that adverse reactions can occur with any medication or vaccine. The fact that testing is continuing shows that thorough safety protocols are in place to monitor and assess any potential risks. It is crucial to continue with vaccine trials in order to ensure the safety and efficacy of a potential vaccine for the greater population.<|end|>
<|endoftext|>","While it is tragic that a participant in an experimental clinical study passed away, we must remember this incident does not negatively impact or discredit all of those who have received other approved Covid 19 treatments such as Pfizer's mRNA technology which uses different methodology than what was used at Johnson & Johnston University (J&J). The safety measures are still being analyzed before drawing any conclusions about whether there may be inherent risks involved","While it is unfortunate that a volunteer in the COVID vaccine trial has died, it is important to remember that adverse reactions can occur with any medication or vaccine. The fact that testing is continuing shows that thorough safety protocols are in place to monitor and assess any potential risks. It is crucial to continue with vaccine trials in order to ensure the safety and efficacy of a potential vaccine for the greater population."
"<|user|>
Generate Counter Argument for the anti-vaccine tweet:
 Tweet: @timesofindia @narendramodi Zydus Cadila , Bharat Biotech , Serum - - all are indemnified from side effects caused by vaccines
 Talk About potential side effects and adverse reactions associated with vaccines ##Output:<|end|>
<|assistant|>
While it is important to protect vaccine manufacturers from potential liabilities, it is also crucial to ensure that individuals who may experience adverse effects from the vaccines are properly compensated and taken care of. Holding manufacturers accountable for any side effects can help ensure that they prioritize safety and effectiveness in their product development.<|end|>
<|endoftext|>","While it is true that these companies may be protected against liability claims, this does not mean they have taken full responsibility or accountability. It still behooves them to ensure their products undergo rigorous testing and monitoring before being approved as safe and effective treatments. The focus should always remain on prioritizing public health above corporate interests. #VaxSafetyFirst üíâ‚ú®","While it is important to protect vaccine manufacturers from potential liabilities, it is also crucial to ensure that individuals who may experience adverse effects from the vaccines are properly compensated and taken care of. Holding manufacturers accountable for any side effects can help ensure that they prioritize safety and effectiveness in their product development."
"<|user|>
Generate Counter Argument for the anti-vaccine tweet:
 Tweet: @agamemnus_dev @Bigapple2la Pfizer vaccine sucks . And alt is the only candidate with a proven mucosal response ( VXRT debatable ) . It ‚Äô s like getting a Pfizer vaccine - if it works , which who knows , and without a booster - plus wearing an anti microbial mask .
 Talk About evidence and reasons that support the effectiveness of vaccines ##Output:<|end|>
<|assistant|>
While it is true that Pfizer's vaccine may not provide a mucosal response like some other candidates, it is still important to consider the overall effectiveness and safety of the vaccine. Pfizer's vaccine has been rigorously tested and shown to be highly effective in preventing severe illness and reducing transmission of COVID-19. Additionally, wearing a mask and practicing other preventive measures can further reduce the risk of infection, making the Pfizer vaccine a valuable tool in combating the pandemic.<|end|>
<|endoftext|>","While there may be concerns about certain aspects of different COVID-19 vaccines, such as their efficacy or side effects, all approved options have been rigorously tested by regulatory agencies to ensure they are safe and effective. Additionally, combining multiple preventative measures can provide added protection against infection rather than relying on one method alone. Ultimately, choosing not to get any form of immunization puts individuals at greater risk compared to those taking proactive steps towards protecting","While it is true that Pfizer's vaccine may not provide a mucosal response like some other candidates, it is still important to consider the overall effectiveness and safety of the vaccine. Pfizer's vaccine has been rigorously tested and shown to be highly effective in preventing severe illness and reducing transmission of COVID-19. Additionally, wearing a mask and practicing other preventive measures can further reduce the risk of infection, making the Pfizer vaccine a valuable tool in combating the pandemic."
"<|user|>
Generate Counter Argument for the anti-vaccine tweet:
 Tweet: Please sign this to stop them from using sharks to make the #COVID19 Vaccine ! ! https://t.co/SYi5ictDza #covid #sharks @SharkAllies #savetheplanet #SaveTheWorld #savesharks #sharkweek
 Talk About concerns about the ingredients and chemical components in vaccines ##Output:<|end|>
<|assistant|>
Using sharks in medical research, including for the creation of vaccines, can help save human lives. It is important to prioritize finding a solution to the global pandemic over concerns about animal welfare.<|end|>
<|endoftext|>","While it is important to consider ethical implications when developing a COVID-19 vaccine, utilizing every available resource including marine life like whales or dolphins may not be feasible due to their conservation status and regulations protecting these species. Additionally, scientific research has shown that viruses do NOT jump between different animal populations easily - therefore there would likely need additional evidence before dismissive claims of potential harm are made against certain animals being used as part of development processes without concrete","Using sharks in medical research, including for the creation of vaccines, can help save human lives. It is important to prioritize finding a solution to the global pandemic over concerns about animal welfare."
"<|user|>
Generate Counter Argument for the anti-vaccine tweet:
 Tweet: @CAgovernor Covid negative take the vaccine .. if complication or death occurs due to the vaccine ... will that be counted as Covid death or post covid vaccine death ?
 Talk About potential side effects and adverse reactions associated with vaccines ##Output:<|end|>
<|assistant|>
It is important to remember that the vast majority of people who receive the Covid vaccine do not experience severe complications or death. The benefits of the vaccine in preventing illness and stopping the spread of the virus far outweigh the risks. Additionally, medical professionals carefully track any adverse reactions to vaccines to ensure safety. It is crucial to trust in the science behind vaccines and prioritize public health.<|end|>
<|endoftext|>","It is important to consider both short term risks of taking a new medication, such as experiencing mild symptoms after receiving an injection like any other shot. The long run benefits far outweigh these temporary discomforts when it comes to protecting oneself from serious illnesses caused by COVID-19 infection. Additionally, distinguishing between ""Covid"" related vs nonrelated causes can help healthcare providers better understand patterns and trends within disease transmission","It is important to remember that the vast majority of people who receive the Covid vaccine do not experience severe complications or death. The benefits of the vaccine in preventing illness and stopping the spread of the virus far outweigh the risks. Additionally, medical professionals carefully track any adverse reactions to vaccines to ensure safety. It is crucial to trust in the science behind vaccines and prioritize public health."
"<|user|>
Generate Counter Argument for the anti-vaccine tweet:
 Tweet: Wake the FUCK up people ! You are being duped . This vaccine makes you MORE susceptible to the virus just like the flu shot did with COVID too https://t.co/oSSlYuysBR
 Talk About potential side effects and adverse reactions associated with vaccines ##Output:<|end|>
<|assistant|>
This tweet is spreading misinformation and fearmongering. Vaccines have been proven to be effective in preventing the spread and severity of viruses, including COVID-19. It is important to trust in science and listen to credible sources for information on vaccines.<|end|>
<|endoftext|>","Actually, numerous studies have shown that getting a coronavirus vaccine does not make individuals more susceptible to contracting or spreading the virus as previously suggested by some conspiracy theories online. The overwhelming majority of experts in public health agree on this point based on extensive research data supporting their claims about increased protection from illnesses caused by viruses after receiving certain types of immunizations such as influenza shots (https://www.who.int/).","This tweet is spreading misinformation and fearmongering. Vaccines have been proven to be effective in preventing the spread and severity of viruses, including COVID-19. It is important to trust in science and listen to credible sources for information on vaccines."
"<|user|>
Generate Counter Argument for the anti-vaccine tweet:
 Tweet: @AAnnettebw Isn ‚Äô t that why they tell you wash your hands ? üòè ü§∑ üèΩ ‚Äç ‚ôÇ Ô∏è If nobody can get smallpox even in a filthy environment then we don ‚Äô t need your vaccine üíâ https://t.co/135Z2Kemcu
 Talk About the importance and necessity of getting vaccinated to prevent diseases ##Output:<|end|>
<|assistant|>
Actually, the reason we no longer see smallpox in the environment is precisely because of widespread vaccination efforts. Without vaccines, the disease would still be a major threat to public health. It's important to continue vaccinating to prevent the resurgence of deadly diseases like smallpox.<|end|>
<|endoftext|>","While it is true that proper hygiene, such as handwashing, plays an important role in reducing transmission rates during outbreaks like COVID-19 or influenza viruses (not just bacteria), there are still other factors at play when considering disease control measures beyond personal cleanliness practices alone - including social distancing guidelines & mask mandates etcetera.. Vaxes have been proven effective over time against numerous infectious illnesses by providing","Actually, the reason we no longer see smallpox in the environment is precisely because of widespread vaccination efforts. Without vaccines, the disease would still be a major threat to public health. It's important to continue vaccinating to prevent the resurgence of deadly diseases like smallpox."
"<|user|>
Generate Counter Argument for the anti-vaccine tweet:
 Tweet: @DrumStig @breakingnewsie To be fair , the article does conclude they all died of underlying issues . So they died WITH covid not OF covid . Still , caution is my middle name . Do we know which vaccine it was ? Am hearing quite a bit of negative feedback about the Astrazeneca vaccine causing blood clots . ü§î
 Talk About potential side effects and adverse reactions associated with vaccines ##Output:<|end|>
<|assistant|>
Even if the individuals had underlying health issues, it is important to recognize that contracting COVID-19 likely exacerbated their conditions and ultimately led to their deaths. Downplaying the significance of COVID-19 in these cases undermines the seriousness of the virus and the need for continued caution and preventative measures. Additionally, it is important to consider that correlation does not always equal causation when it comes to vaccine side effects, and the benefits of vaccination often outweigh the potential risks.<|end|>
<|endoftext|>","While individuals may have had preexisting health conditions that contributed to their deaths, ignoring or downplaying COVID as being responsible can still spread misinformation. It's important to consider both factors when discussing causes of illnesses like Covid-19 in order to better understand its impact on public health measures such as mask mandates. Additionally, while there has been some concern over rare cases of severe thrombosis following certain types of coronavirus jabs (including","Even if the individuals had underlying health issues, it is important to recognize that contracting COVID-19 likely exacerbated their conditions and ultimately led to their deaths. Downplaying the significance of COVID-19 in these cases undermines the seriousness of the virus and the need for continued caution and preventative measures. Additionally, it is important to consider that correlation does not always equal causation when it comes to vaccine side effects, and the benefits of vaccination often outweigh the potential risks."
"<|user|>
Generate Counter Argument for the anti-vaccine tweet:
 Tweet: @Europe1 @kuku27 With their vaccine , did Pfizer and BioNTech find the goose that laid the golden eggs ? They have #gander not goose , keep this w / you
 Talk About the role of pharmaceutical companies and concerns about profit motives ##Output:<|end|>
<|assistant|>
It's important to recognize the significant scientific progress and collaboration that led to the development of the Pfizer and BioNTech vaccine. Dismissing their achievements as merely a ""gander"" undermines the hard work and dedication of countless researchers and scientists.<|end|>
<|endoftext|>","Actually, it's important to note that both words are homophones in English. ""Goose"" is a type of bird while ""#googling"", as mentioned earlier by another user could be referring to using Google search engine or searching on social media platforms like Twitter which has no relation with poultry farming at all! It seems there may be some confusion here caused by misinterpretation between different meanings associated within language usage online (#Linguistics). Let me know","It's important to recognize the significant scientific progress and collaboration that led to the development of the Pfizer and BioNTech vaccine. Dismissing their achievements as merely a ""gander"" undermines the hard work and dedication of countless researchers and scientists."
"<|user|>
Generate Counter Argument for the anti-vaccine tweet:
 Tweet: @Jerusalem_Post @Moderna Here we go . We knew it would be modeRNA all along . It ‚Äô s not a vaccine at all . More humanize mice .
 Talk About claims that vaccines were approved or developed without sufficient testing ##Output:<|end|>
<|assistant|>
Actually, mRNA vaccines have proven to be highly effective and safe in preventing severe illness and death from COVID-19. It is based on cutting-edge technology and has undergone rigorous testing before being approved for emergency use. It is not accurate to dismiss it as just ""more humanize mice.""<|end|>
<|endoftext|>","Actually, MRNAs are used in many types of medications and treatments because they can efficiently deliver genetic material into cells. The technology behind COVID-19 vaccines is constantly evolving to improve safety and effectiveness. Calling them ""humanized mouse"" does nothing but spread misinformation about their true nature as life-saving medical interventions. #VaxFacts üíâ‚ú®üåç","Actually, mRNA vaccines have proven to be highly effective and safe in preventing severe illness and death from COVID-19. It is based on cutting-edge technology and has undergone rigorous testing before being approved for emergency use. It is not accurate to dismiss it as just ""more humanize mice."""
"<|user|>
Generate Counter Argument for the anti-vaccine tweet:
 Tweet: @thehill I'm not taking the vaccine , but tainting the vaccine that others may take should be a severe federal offense . I propose Death Row .
 Talk About  ##Output:<|end|>
<|assistant|>
Taking the vaccine is a personal choice, but advocating for the punishment of those who choose not to take it goes against individual freedoms and medical autonomy. Instead of seeking extreme penalties, efforts should be focused on educating and encouraging vaccination.<|end|>
<|endoftext|>","While it is understandable to have concerns about receiving medical treatments, threatening violence against individuals who choose different paths of healthcare can create fear and hinder progress in public health efforts. Instead of resorting to extreme measures like suggesting death row as punishment, we need constructive dialogue and education on making informed decisions based on scientific evidence. Punishing those with differing opinions only adds more division rather than promoting unity towards protecting our communities from diseases such as COVID-","Taking the vaccine is a personal choice, but advocating for the punishment of those who choose not to take it goes against individual freedoms and medical autonomy. Instead of seeking extreme penalties, efforts should be focused on educating and encouraging vaccination."
"<|user|>
Generate Counter Argument for the anti-vaccine tweet:
 Tweet: @talkRADIO @iancollinsuk I'm anxious that Pfizer say there own vaccine is safe ? No way in my mind . How do ministers sleep at night .
 Talk About the political factors that affect perceptions of vaccine use and potential side effects and adverse reactions associated with vaccines ##Output:<|end|>
<|assistant|>
It is not uncommon for pharmaceutical companies to conduct rigorous testing and research before releasing a vaccine to the public. Additionally, government regulatory bodies also conduct their own assessments to ensure the safety and efficacy of the vaccine. It is likely that Pfizer's vaccine has been thoroughly vetted by multiple sources before being deemed safe for distribution.<|end|>
<|endoftext|>","It is important to trust scientific researchers like those from Pfizer who have dedicated their careers studying these drugs. Their expertise should be respected, even if it may not align perfectly with our personal beliefs or opinions about safety standards. Ministerial duty includes making decisions based on evidence rather than speculation or fear mongering. Trusting science can ultimately lead us all towards a safer future during this pandemic crisis. #TrustTheScience ###Input 3)","It is not uncommon for pharmaceutical companies to conduct rigorous testing and research before releasing a vaccine to the public. Additionally, government regulatory bodies also conduct their own assessments to ensure the safety and efficacy of the vaccine. It is likely that Pfizer's vaccine has been thoroughly vetted by multiple sources before being deemed safe for distribution."
"<|user|>
Generate Counter Argument for the anti-vaccine tweet:
 Tweet: üòÖ üòÖ üòÖ look at who gives major funding to the oxford lab .. Bill gates .. who publicly tells people he wants to depopulate the world .. and now he develops a vaccine for the world ... erm .. . How a handful of scientists developed Oxford vaccine at breakneck speed https://t.co/Vw8WObTX1L
 Talk About conspiracy theories suggesting hidden motives behind vaccination efforts and the role of pharmaceutical companies and concerns about profit motives and claims that vaccines were approved or developed without sufficient testing ##Output:<|end|>
<|assistant|>
While it is true that Bill Gates has provided funding to the Oxford lab, it does not mean that the vaccine being developed is part of a sinister plot to depopulate the world. The vaccine development process is rigorous and involves many scientific experts, not just Bill Gates. Additionally, vaccines go through strict testing and approval processes to ensure their safety and effectiveness before being distributed to the public. The Oxford vaccine is a result of hard work and collaboration from a team of dedicated researchers, not a covert plan for population control.<|end|>
<|endoftext|>","While it is true that some individuals with power may have their own agendas, attributing ulterior motivations solely based on financial support does not necessarily mean there are no genuine intentions in developing life saving technology like COVID-19 vaccines quickly during an unprecedented global crisis. The focus should be more so placed onto scientific advancements rather than speculations surrounding personal interests.","While it is true that Bill Gates has provided funding to the Oxford lab, it does not mean that the vaccine being developed is part of a sinister plot to depopulate the world. The vaccine development process is rigorous and involves many scientific experts, not just Bill Gates. Additionally, vaccines go through strict testing and approval processes to ensure their safety and effectiveness before being distributed to the public. The Oxford vaccine is a result of hard work and collaboration from a team of dedicated researchers, not a covert plan for population control."
"<|user|>
Generate Counter Argument for the anti-vaccine tweet:
 Tweet: @HansensHemp I just don't understand how people are willing to take this vaccine when they pushed it through and it has taken years and years of testing for other vaccines . Is the survival rate gonna go from 99.7 % to 99.8 % ?
 Talk About claims that vaccines were approved or developed without sufficient testing ##Output:<|end|>
<|assistant|>
While it is true that the COVID-19 vaccine was developed much faster than previous vaccines, it's important to consider the urgency of the situation. The global pandemic has caused immense suffering and loss of life, so a rapid response was necessary. Additionally, the vaccine underwent rigorous testing and clinical trials to ensure its safety and efficacy. Taking the vaccine can significantly reduce the spread of the virus and ultimately save lives.<|end|>
<|endoftext|>","While any decrease in efficacy may seem negligible, even a small increase could potentially save countless lives during an ongoing pandemic where preventing illness is crucial. The urgency surrounding COVID-19 warrants expedited development processes while still ensuring safety standards can be met quickly - not all diseases have such immediate global implications as seen with coronavirus spread worldwide at record rates within months rather than decades like some infectious disease outbreaks","While it is true that the COVID-19 vaccine was developed much faster than previous vaccines, it's important to consider the urgency of the situation. The global pandemic has caused immense suffering and loss of life, so a rapid response was necessary. Additionally, the vaccine underwent rigorous testing and clinical trials to ensure its safety and efficacy. Taking the vaccine can significantly reduce the spread of the virus and ultimately save lives."
"<|user|>
Generate Counter Argument for the anti-vaccine tweet:
 Tweet: Glasgow woman's legs erupt in blood - filled blisters ' after getting AstraZeneca Covid vaccine ' | Daily Mail Online https://t.co/MK8IaTiww9
 Talk About potential side effects and adverse reactions associated with vaccines ##Output:<|end|>
<|assistant|>
It is important to remember that the occurrence of side effects, such as blisters, after receiving a vaccine is extremely rare and should not deter individuals from getting vaccinated. The benefits of the vaccine in preventing the spread of COVID-19 far outweigh the risks of potential side effects.<|end|>
<|endoftext|>","While it is concerning to hear about this individual experiencing such severe symptoms, correlation does not equal causation. Just because someone had a negative reaction shortly after receiving their COVID-19 shot doesn't necessarily mean that there was any direct link between them two events. It could be coincidental or due to other factors unrelated to being immunized against coronavirus disease 2019 (COVID-19). Further investigation would need to take place before drawing conclus","It is important to remember that the occurrence of side effects, such as blisters, after receiving a vaccine is extremely rare and should not deter individuals from getting vaccinated. The benefits of the vaccine in preventing the spread of COVID-19 far outweigh the risks of potential side effects."
"<|user|>
Generate Counter Argument for the anti-vaccine tweet:
 Tweet: Lymphadenonopathy is very common after COVID shots & I have seen this on MRI reports as an incidental finding . Not likely dangerous , but seemingly much more common than with other vaccines . That 15 y . o . old who died 2 days after Pfizer ? Sorry , not allowed to talk about that .
 Talk About potential side effects and adverse reactions associated with vaccines ##Output:<|end|>
<|assistant|>
While it is important to acknowledge and monitor potential side effects of COVID vaccines, it is essential to put these occurrences into perspective. The benefits of vaccination, such as preventing severe illness and death from COVID-19, far outweigh the potential risks of rare side effects. Additionally, it is important to consider that correlation does not imply causation and further investigation is needed to determine the cause of any adverse events following vaccination.<|end|>
<|endoftext|>","While it may be true that lymphadenopathy can occur commonly following a Covid shot, dismissing any concerns or incidents of death related to these injections could potentially undermine public trust. It's important to acknowledge all possible outcomes when discussing medical procedures like immunizations. Ignoring such cases only perpetuates misinformation and hinders efforts towards transparency and safety measures within healthcare systems. Additionally, by avoiding discussion around trag","While it is important to acknowledge and monitor potential side effects of COVID vaccines, it is essential to put these occurrences into perspective. The benefits of vaccination, such as preventing severe illness and death from COVID-19, far outweigh the potential risks of rare side effects. Additionally, it is important to consider that correlation does not imply causation and further investigation is needed to determine the cause of any adverse events following vaccination."
"<|user|>
Generate Counter Argument for the anti-vaccine tweet:
 Tweet: @CNBCnow Lmao this administration is a joke . They want to pass a recovery bill , tout the vaccine numbers , and then keep scaring people into following their orders . This is ridiculous . They will never let us be free because the rules keep changing ! ! !
 Talk About the debate over personal choice versus mandates in vaccination policies ##Output:<|end|>
<|assistant|>
While it is understandable to be frustrated with changing rules and restrictions, it is important to prioritize public health and safety during a global pandemic. The administration's efforts to pass a recovery bill and promote vaccination numbers show a commitment to combating the virus and ultimately allowing for more freedom in the long run. It is necessary to adapt to new information and guidelines in order to protect the well-being of all citizens.<|end|>
<|endoftext|>","While it may seem like an abrupt change of plans, passing legislation such as stimulus bills or promoting COVID measures are common practices during times of crisis. The government's priority should always remain on protecting public health rather than maintaining rigid adherence to preexisting laws that no longer serve its purpose effectively. It would not necessarily indicate lackadaisical leadership but adaptability towards addressing current challenges facing society.","While it is understandable to be frustrated with changing rules and restrictions, it is important to prioritize public health and safety during a global pandemic. The administration's efforts to pass a recovery bill and promote vaccination numbers show a commitment to combating the virus and ultimately allowing for more freedom in the long run. It is necessary to adapt to new information and guidelines in order to protect the well-being of all citizens."
"<|user|>
Generate Counter Argument for the anti-vaccine tweet:
 Tweet: From Rip Holmes : Why I believe forced Covid 19 "" vaccines "" will end humanity as we know it , ...
 Talk About the debate over personal choice versus mandates in vaccination policies ##Output:<|end|>
<|assistant|>
Counter argument: The development and distribution of vaccines for Covid-19 are essential in order to protect public health and prevent further spread of the virus. While there may be concerns about individual liberties, widespread vaccination is crucial in order to achieve herd immunity and ultimately save lives.<|end|>
<|endoftext|>","While there may be concerns about potential side effects of COVID-19 vaccines, they have been proven to significantly reduce transmission and protect individuals from severe illness. The benefits far outweigh any risks associated with receiving them. Additionally, widespread immunization is crucial in ending a global pandemic that has already claimed millions of lives worldwide. Trusting scientific research and expertise can help prevent further loss of life due to this deadly virus.","Counter argument: The development and distribution of vaccines for Covid-19 are essential in order to protect public health and prevent further spread of the virus. While there may be concerns about individual liberties, widespread vaccination is crucial in order to achieve herd immunity and ultimately save lives."
"<|user|>
Generate Counter Argument for the anti-vaccine tweet:
 Tweet: Concern over #Pfizer vaccine as Portuguese nurse dies suddenly after receiving jab https://t.co/PeX0Ru6Vuo
 Talk About potential side effects and adverse reactions associated with vaccines ##Output:<|end|>
<|assistant|>
While any death following a vaccination is concerning, it is important to remember that millions of people have safely received the Pfizer vaccine with no severe side effects. It is crucial to wait for a thorough investigation and analysis of the nurse's death before jumping to conclusions about the safety of the vaccine.<|end|>
<|endoftext|>","It is important to remember that correlation does not equal causation, just because a healthcare professional died shortly after getting their Pfizer shot doesn't mean it was directly caused by the injection itself. There could be other factors at play in this tragic event. Vigorous investigation should still occur before jumping to conclusions about any possible link between deaths like these and COVID vaccinations overall safety record has been proven time and again through rigorous testing processes set up around worldwide","While any death following a vaccination is concerning, it is important to remember that millions of people have safely received the Pfizer vaccine with no severe side effects. It is crucial to wait for a thorough investigation and analysis of the nurse's death before jumping to conclusions about the safety of the vaccine."
"<|user|>
Generate Counter Argument for the anti-vaccine tweet:
 Tweet: @Narc_Problems @5Bamo @LLinWood @CarolineCreator The covid virus is smaller than the pores in your mask . The box of 95 % masks even stated on it ‚Äú does not protect against covid - 19 ‚Äù . You are being lied to . Moderna vaccine ? 21 % Incident rate , Bell ‚Äô s palsy , sterilization , immune system shutting down . Wake up .
 Talk About conspiracy theories suggesting hidden motives behind vaccination efforts and potential side effects and adverse reactions associated with vaccines ##Output:<|end|>
<|assistant|>
While it is true that the COVID virus is small, the mask is not meant to completely block the virus, but rather reduce the spread of respiratory droplets that may contain the virus. Wearing a mask, along with practicing social distancing and proper hygiene, can still help prevent the spread of COVID-19. Additionally, the claims about the Moderna vaccine causing Bell's palsy, sterilization, and immune system shutdown are not supported by scientific evidence and have been debunked by reputable health organizations. It is important to fact-check information before spreading misinformation.<|end|>
<|endoftext|>","It's important to remember that while no method may be perfect, wearing a face covering can still significantly reduce transmission rates. Additionally, any reported incidents or concerns about specific treatments should always be discussed thoroughly by medical professionals before drawing conclusions based solely on anecdotal evidence from social media posts like this one. Let experts guide us through these difficult times rather than spreading misinformation online. #FactCheckPlease#PublicHealthMatters##Input: Write detailed","While it is true that the COVID virus is small, the mask is not meant to completely block the virus, but rather reduce the spread of respiratory droplets that may contain the virus. Wearing a mask, along with practicing social distancing and proper hygiene, can still help prevent the spread of COVID-19. Additionally, the claims about the Moderna vaccine causing Bell's palsy, sterilization, and immune system shutdown are not supported by scientific evidence and have been debunked by reputable health organizations. It is important to fact-check information before spreading misinformation."
"<|user|>
Generate Counter Argument for the anti-vaccine tweet:
 Tweet: Idk who needs to hear this but ... The vaccine is not a cure https://t.co/zpEYDLtvkW
 Talk About evidence and reasons that support the effectiveness of vaccines ##Output:<|end|>
<|assistant|>
While the vaccine may not be a cure, it is an important tool in preventing the spread of the virus and reducing the severity of symptoms for those who do contract it. It plays a crucial role in building herd immunity and protecting vulnerable populations.<|end|>
<|endoftext|>","While it's true that getting fully immunized against COVID may still require some precautions, such as wearing masks in certain settings or social distancing measures during outbreak surges - these are all necessary steps towards achieving herd immunity which ultimately leads us closer to ending pandemic restrictions once again! It would be irresponsible (and dangerous) NOT taking advantage of what could potentially save countless lives from severe illnesses caused by Covid19 virus stra","While the vaccine may not be a cure, it is an important tool in preventing the spread of the virus and reducing the severity of symptoms for those who do contract it. It plays a crucial role in building herd immunity and protecting vulnerable populations."
